passenger_id,pclass,name,sex,age,sibsp,parch,ticket,fare,cabin,embarked,survived
1,2,Passenger_1,male,,0,0,Ticket_1,61.622237072769664,D,S,0
2,3,Passenger_2,male,17.5967946894021,1,0,Ticket_2,5.559927292203093,C,Q,0
3,3,Passenger_3,female,26.6028166214771,0,0,Ticket_3,4.629031583817367,G,C,0
4,3,Passenger_4,female,35.510482602242675,0,2,Ticket_4,13.340892309340433,nan,Q,0
5,1,Passenger_5,female,43.703769393498746,0,0,Ticket_5,27.735347855963163,B,,0
6,1,Passenger_6,female,,1,0,Ticket_6,10.278164533779593,F,S,0
7,1,Passenger_7,female,52.39032853439282,0,0,Ticket_7,49.384897301184935,E,,0
8,3,Passenger_8,female,25.933145984361467,0,2,Ticket_8,23.038593647436535,E,S,1
9,3,Passenger_9,male,29.679490584773458,0,0,Ticket_9,0.8923886065753007,C,S,0
10,3,Passenger_10,male,18.79182481278265,0,0,Ticket_10,6.453609868536198,nan,S,0
11,1,Passenger_11,male,0.0,0,0,Ticket_11,6.207693940089608,E,C,0
12,3,Passenger_12,female,43.26068094541574,0,0,Ticket_12,21.65493004252496,F,C,0
13,3,Passenger_13,female,41.0526584563865,1,0,Ticket_13,0.5221603952785284,D,S,0
14,2,Passenger_14,male,25.7800866432268,0,1,Ticket_14,259.51425936021343,B,S,0
15,1,Passenger_15,female,31.004860758373077,1,0,Ticket_15,23.039987974168266,A,S,0
16,1,Passenger_16,female,37.73908826556149,0,1,Ticket_16,14.565448234428404,nan,C,0
17,2,Passenger_17,male,6.561812146701861,0,0,Ticket_17,50.29377237019571,B,S,1
18,3,Passenger_18,male,22.064209839805578,0,0,Ticket_18,202.83338193538577,G,Q,0
19,2,Passenger_19,female,41.913970194327405,1,0,Ticket_19,34.63608208466472,D,Q,0
20,2,Passenger_20,male,11.18565865246126,0,0,Ticket_20,38.03762174084364,E,C,0
21,3,Passenger_21,female,34.40336898249944,0,1,Ticket_21,14.25101353369921,E,C,1
22,1,Passenger_22,male,9.651272930648926,1,0,Ticket_22,10.279679638379482,D,S,0
23,2,Passenger_23,female,36.996449736502896,0,1,Ticket_23,6.88293711567049,B,C,0
24,2,Passenger_24,female,29.465377765537745,0,2,Ticket_24,4.52069439809881,D,S,1
25,2,Passenger_25,female,5.773022761417359,1,1,Ticket_25,5.341909003399314,G,S,0
26,3,Passenger_26,male,47.47109031685757,2,1,Ticket_26,2.4092917937165947,G,C,0
27,1,Passenger_27,female,18.981126348029264,0,2,Ticket_27,11.122323993167939,C,C,1
28,3,Passenger_28,female,17.846213444784283,0,0,Ticket_28,1.6134889876071603,E,S,0
29,3,Passenger_29,male,,1,2,Ticket_29,15.319091009559209,B,C,0
30,1,Passenger_30,female,47.22956024143073,0,1,Ticket_30,11.662788116008246,C,S,0
31,3,Passenger_31,male,14.762672715324046,2,0,Ticket_31,14.531553056395275,A,S,0
32,1,Passenger_32,male,30.925197747719576,0,0,Ticket_32,6.5106683493142095,nan,Q,0
33,1,Passenger_33,male,36.432247504958596,0,0,Ticket_33,488.93641200345513,C,,0
34,3,Passenger_34,male,,2,1,Ticket_34,62.3110688537372,C,C,0
35,3,Passenger_35,male,32.64662332915838,0,1,Ticket_35,2.7361422760768024,C,S,0
36,3,Passenger_36,female,24.494582413750166,1,0,Ticket_36,16.1100242894422,B,S,0
37,2,Passenger_37,male,17.586146690269203,0,0,Ticket_37,5.873158878162223,G,Q,0
38,1,Passenger_38,female,31.29215824569562,1,0,Ticket_38,3.606090883776215,A,Q,0
39,3,Passenger_39,male,,1,0,Ticket_39,2.4397937685605924,B,S,0
40,2,Passenger_40,male,0.0,0,0,Ticket_40,20.463852333835753,G,S,0
41,1,Passenger_41,male,36.54839706236502,1,0,Ticket_41,5.378146068839203,D,,0
42,2,Passenger_42,female,43.55902261629293,1,0,Ticket_42,38.91544551777146,nan,S,0
43,1,Passenger_43,male,0.0,0,0,Ticket_43,40.14663625522102,F,S,1
44,3,Passenger_44,female,14.854039429350937,0,0,Ticket_44,63.3514162359058,C,S,1
45,2,Passenger_45,female,39.287313915077966,0,2,Ticket_45,4.380381761329733,G,C,0
46,3,Passenger_46,female,60.862432045675476,0,0,Ticket_46,21.551355888501405,B,S,0
47,2,Passenger_47,male,30.311905615131117,0,0,Ticket_47,26.022070933192644,F,S,0
48,3,Passenger_48,male,19.07995588156298,0,1,Ticket_48,6.896307958195629,E,C,0
49,3,Passenger_49,female,,0,0,Ticket_49,4.825303580878923,C,S,0
50,1,Passenger_50,male,50.623146287222774,1,0,Ticket_50,84.05108753641925,G,S,0
51,3,Passenger_51,female,20.31053731313197,1,0,Ticket_51,16.006502579221547,nan,S,1
52,3,Passenger_52,male,18.012119900246198,0,0,Ticket_52,26.132017871042805,nan,C,0
53,3,Passenger_53,female,,1,1,Ticket_53,4.54264202129447,G,S,0
54,3,Passenger_54,female,,0,0,Ticket_54,2.8203433706329935,E,S,1
55,3,Passenger_55,female,31.840054739921932,2,0,Ticket_55,6.151280494352562,C,S,0
56,3,Passenger_56,male,54.370176877043406,0,0,Ticket_56,10.497890530596056,C,S,0
57,1,Passenger_57,female,,1,1,Ticket_57,3.39714710225551,E,S,1
58,1,Passenger_58,male,26.214697468105687,1,1,Ticket_58,12.039419562447577,D,S,0
59,1,Passenger_59,male,25.62283096626684,1,0,Ticket_59,1.6060757388077893,nan,Q,0
60,2,Passenger_60,female,6.552137869550144,0,1,Ticket_60,3.177018228880152,D,S,0
61,2,Passenger_61,female,43.246646657207386,1,1,Ticket_61,27.2510893902017,D,S,1
62,2,Passenger_62,female,28.83244204480797,1,1,Ticket_62,25.142223006527253,D,,1
63,3,Passenger_63,female,27.292801296140617,0,0,Ticket_63,7.612166948990102,nan,S,1
64,2,Passenger_64,male,77.8966135176729,2,2,Ticket_64,3.5919054550186704,G,S,0
65,2,Passenger_65,male,,1,2,Ticket_65,3.5505969282999605,G,Q,0
66,3,Passenger_66,female,18.723134248572237,1,0,Ticket_66,7.78406040397099,D,C,0
67,1,Passenger_67,male,,0,0,Ticket_67,26.40153599198433,nan,Q,0
68,3,Passenger_68,male,47.22668563795132,1,0,Ticket_68,37.110310038299865,A,Q,0
69,1,Passenger_69,male,31.699056158066465,0,0,Ticket_69,6.713778568303067,nan,S,0
70,3,Passenger_70,male,8.425830325239499,1,0,Ticket_70,3.052036549127586,F,C,0
71,3,Passenger_71,male,43.78843401862805,0,0,Ticket_71,16.800562457125704,D,S,0
72,1,Passenger_72,male,,0,1,Ticket_72,4.5346959460705945,E,S,0
73,1,Passenger_73,male,58.099466643263185,0,0,Ticket_73,6.541044311418607,G,C,1
74,3,Passenger_74,male,46.20072098571973,0,0,Ticket_74,59.75968731856304,A,S,0
75,3,Passenger_75,female,23.290171565118733,0,1,Ticket_75,32.869281029297014,nan,S,0
76,3,Passenger_76,male,,1,0,Ticket_76,14.725330508750398,E,S,0
77,3,Passenger_77,male,31.01783265791105,0,0,Ticket_77,2.647715515724928,D,C,0
78,1,Passenger_78,female,42.79160512683329,0,0,Ticket_78,15.700238148991486,B,Q,0
79,2,Passenger_79,male,37.27099225941712,1,0,Ticket_79,43.60573807607896,E,S,0
80,1,Passenger_80,female,17.3046501751369,1,0,Ticket_80,7.76199664786182,E,S,1
81,3,Passenger_81,female,20.34675251523807,1,0,Ticket_81,61.6415963445519,E,S,1
82,3,Passenger_82,male,45.44941226371742,1,0,Ticket_82,57.47179739673587,G,S,0
83,2,Passenger_83,male,24.978370018401886,1,0,Ticket_83,89.70077407015528,E,C,0
84,1,Passenger_84,female,23.945273051370048,0,2,Ticket_84,17.571736873993785,nan,S,0
85,2,Passenger_85,female,15.673161309759706,0,0,Ticket_85,24.652295990137176,F,Q,0
86,2,Passenger_86,male,,0,0,Ticket_86,66.48821713331336,nan,C,0
87,3,Passenger_87,female,60.937873788647174,1,0,Ticket_87,20.83996889835728,B,S,0
88,3,Passenger_88,male,,0,1,Ticket_88,6.676000432953008,D,,0
89,3,Passenger_89,female,,0,1,Ticket_89,7.111751780987397,D,S,0
90,2,Passenger_90,male,51.18330833123144,1,1,Ticket_90,16.22033893408573,F,S,0
91,1,Passenger_91,female,28.80537913131427,1,1,Ticket_91,2.5891413448636875,nan,C,1
92,3,Passenger_92,female,36.78557694374601,0,0,Ticket_92,10.258322235469759,A,S,0
93,3,Passenger_93,female,14.064097077796804,0,0,Ticket_93,45.41564012539967,A,S,0
94,3,Passenger_94,male,,1,0,Ticket_94,0.878530528367342,nan,S,0
95,3,Passenger_95,male,27.19283602493177,0,3,Ticket_95,76.81335529867336,C,C,1
96,2,Passenger_96,male,44.78594993519795,0,1,Ticket_96,46.845224062074614,G,S,0
97,3,Passenger_97,male,47.81079077347127,0,0,Ticket_97,7.0166258967462,F,S,0
98,2,Passenger_98,male,68.84345463027921,0,0,Ticket_98,23.384396727826267,nan,S,0
99,1,Passenger_99,female,38.69449759820363,1,0,Ticket_99,12.228597575672222,B,Q,0
100,1,Passenger_100,male,34.886944748732496,0,0,Ticket_100,53.30277758625199,B,S,1
101,1,Passenger_101,male,32.91576452366004,0,0,Ticket_101,39.61547288338225,F,C,0
102,3,Passenger_102,female,,1,0,Ticket_102,2.270307153338227,nan,S,0
103,2,Passenger_103,female,35.077257651925365,2,1,Ticket_103,24.64847164060686,E,C,0
104,3,Passenger_104,female,25.568978847914558,4,0,Ticket_104,9.518588544015486,D,S,0
105,3,Passenger_105,female,32.52691464404421,0,0,Ticket_105,13.455649898153615,G,S,0
106,2,Passenger_106,male,49.7639630341194,0,0,Ticket_106,5.084484861366985,nan,Q,0
107,2,Passenger_107,male,,0,0,Ticket_107,99.2621651607234,nan,C,0
108,3,Passenger_108,female,47.09817841693568,1,0,Ticket_108,42.43927301485397,nan,S,0
109,2,Passenger_109,female,49.75672601009798,1,0,Ticket_109,5.014203590063843,A,S,0
110,1,Passenger_110,male,28.22897209513382,2,1,Ticket_110,2.4558360955238943,B,S,0
111,2,Passenger_111,female,0.0,0,1,Ticket_111,7.669050723270104,G,S,0
112,1,Passenger_112,male,20.882670193583515,0,0,Ticket_112,20.520064740845726,nan,Q,0
113,3,Passenger_113,male,49.454918198416635,0,1,Ticket_113,16.252504382308125,C,S,0
114,3,Passenger_114,male,,0,0,Ticket_114,54.80379205927783,C,S,0
115,3,Passenger_115,male,15.010466515576338,0,1,Ticket_115,31.434426152459984,nan,S,0
116,3,Passenger_116,male,22.428376181576738,1,1,Ticket_116,38.996926327307534,A,S,0
117,3,Passenger_117,male,42.6093003975683,0,1,Ticket_117,18.033415990175282,D,S,0
118,1,Passenger_118,female,38.20100352302069,1,0,Ticket_118,2.299844527121907,F,S,0
119,3,Passenger_119,male,,0,0,Ticket_119,9.632682683111437,F,C,0
120,3,Passenger_120,male,24.497633822779687,1,0,Ticket_120,43.47159289559914,nan,S,0
121,3,Passenger_121,female,,1,0,Ticket_121,11.452092744793283,D,S,0
122,3,Passenger_122,female,16.163847232522464,1,0,Ticket_122,22.280423932041245,G,C,0
123,2,Passenger_123,female,54.23063534204162,0,0,Ticket_123,8.310352458152147,F,S,1
124,1,Passenger_124,female,,1,0,Ticket_124,3.5403506706660095,F,S,0
125,2,Passenger_125,female,,0,0,Ticket_125,10.506426558698319,G,S,1
126,2,Passenger_126,male,,0,1,Ticket_126,17.652138396315745,C,S,1
127,3,Passenger_127,male,44.974663472219405,2,0,Ticket_127,5.546542366823015,A,S,0
128,3,Passenger_128,male,23.525695309229274,1,0,Ticket_128,9.181095253464928,B,C,0
129,1,Passenger_129,male,36.05595135504914,0,0,Ticket_129,3.9457699628621197,C,S,0
130,3,Passenger_130,male,29.637065904136257,0,1,Ticket_130,46.669642561214744,F,S,0
131,2,Passenger_131,female,16.444472089048077,2,1,Ticket_131,8.556173685775333,nan,S,0
132,2,Passenger_132,male,34.865389225824046,0,1,Ticket_132,69.63773947015913,nan,S,0
133,1,Passenger_133,male,12.314403132602962,0,1,Ticket_133,76.28660917916417,nan,C,0
134,2,Passenger_134,male,47.815190826923455,3,0,Ticket_134,11.053474825028943,D,S,0
135,3,Passenger_135,female,23.030740540524103,1,0,Ticket_135,3.6322835257273076,E,,0
136,2,Passenger_136,male,33.01739483809259,0,0,Ticket_136,0.9969272772254602,D,S,0
137,3,Passenger_137,female,34.24931807319213,0,1,Ticket_137,2.082471714238069,B,S,0
138,3,Passenger_138,male,26.11642539443884,1,0,Ticket_138,2.3429204578965206,A,S,0
139,2,Passenger_139,male,,0,1,Ticket_139,63.69866170098997,F,S,0
140,3,Passenger_140,male,,1,2,Ticket_140,13.999050482999909,nan,,0
141,3,Passenger_141,female,43.06945946185866,0,1,Ticket_141,19.443745085526214,B,S,0
142,2,Passenger_142,male,9.810304796298773,1,0,Ticket_142,0.8483133366077289,A,S,0
143,2,Passenger_143,female,31.89569369319618,1,0,Ticket_143,2.893423158073291,nan,S,0
144,2,Passenger_144,male,59.08393498587427,0,0,Ticket_144,35.321637331862185,C,S,0
145,2,Passenger_145,male,14.99503013091638,1,2,Ticket_145,17.186581514785292,nan,S,0
146,1,Passenger_146,female,19.833825442127228,0,0,Ticket_146,10.209857402017045,nan,C,1
147,3,Passenger_147,female,37.708617744883725,1,1,Ticket_147,23.9941687078636,nan,S,0
148,3,Passenger_148,female,32.69372672909397,1,0,Ticket_148,86.74366301696455,E,C,1
149,1,Passenger_149,female,35.25945148910339,0,0,Ticket_149,9.34413658850368,G,S,1
150,2,Passenger_150,female,37.337806952214954,0,1,Ticket_150,13.240016055903808,E,S,0
151,3,Passenger_151,female,,1,1,Ticket_151,15.350012716626194,G,S,0
152,2,Passenger_152,female,,1,0,Ticket_152,214.97711107170826,E,S,1
153,1,Passenger_153,female,36.147279853927685,2,0,Ticket_153,0.9809561523537342,B,C,0
154,2,Passenger_154,female,26.381135180721863,0,1,Ticket_154,27.656689061343116,F,S,0
155,3,Passenger_155,female,,0,2,Ticket_155,10.61467313026718,F,S,0
156,2,Passenger_156,female,58.49822902342824,0,1,Ticket_156,24.04978535156323,nan,S,0
157,3,Passenger_157,male,28.010493804261397,0,1,Ticket_157,5.535339688091179,nan,C,0
158,3,Passenger_158,female,15.382060429940378,0,0,Ticket_158,11.487298686635507,G,S,0
159,2,Passenger_159,female,,1,0,Ticket_159,28.608180127048247,B,S,1
160,3,Passenger_160,male,28.194282540696026,0,1,Ticket_160,500.0,nan,S,0
161,2,Passenger_161,female,0.0,0,1,Ticket_161,32.1252854019234,F,S,0
162,3,Passenger_162,male,42.711325157256326,0,0,Ticket_162,4.40315479278267,nan,S,0
163,3,Passenger_163,male,21.97007721069116,0,0,Ticket_163,7.3264301749546075,nan,S,0
164,3,Passenger_164,female,28.642000765437587,0,1,Ticket_164,7.0703011179306845,A,S,1
165,1,Passenger_165,male,,0,0,Ticket_165,1.41231216242845,nan,S,0
166,3,Passenger_166,female,32.857495196685996,1,0,Ticket_166,8.19801268949833,A,Q,1
167,2,Passenger_167,female,40.64177725708559,1,1,Ticket_167,29.353004182356145,D,S,0
168,1,Passenger_168,male,23.467704441452348,0,0,Ticket_168,2.640376332287555,F,S,0
169,1,Passenger_169,male,37.69658697264124,2,2,Ticket_169,42.870295831921574,B,Q,0
170,3,Passenger_170,male,,1,0,Ticket_170,21.874679600479865,nan,Q,0
171,3,Passenger_171,female,41.08215721331254,2,0,Ticket_171,5.047635993746908,A,S,0
172,1,Passenger_172,female,39.2305122601958,1,1,Ticket_172,10.27963172731925,B,C,0
173,3,Passenger_173,female,,1,1,Ticket_173,82.92911188301468,F,S,1
174,2,Passenger_174,male,46.289731742625484,1,0,Ticket_174,29.37833142383668,nan,C,0
175,3,Passenger_175,female,21.96054832328928,0,0,Ticket_175,12.311581267889565,nan,S,0
176,1,Passenger_176,male,42.12086697421718,0,0,Ticket_176,9.159394003247048,nan,C,0
177,3,Passenger_177,female,35.50930970102011,4,0,Ticket_177,13.355534717928244,G,Q,0
178,2,Passenger_178,male,57.57275515192684,0,0,Ticket_178,6.592177576778494,D,S,0
179,3,Passenger_179,female,26.64801026442222,0,1,Ticket_179,0.9746280120730374,A,S,0
180,1,Passenger_180,male,24.760248058227038,0,0,Ticket_180,141.2616002957035,B,Q,0
181,2,Passenger_181,female,,0,1,Ticket_181,14.678590433198059,F,S,1
182,1,Passenger_182,male,25.45230325748587,0,0,Ticket_182,19.644093701515068,G,,0
183,3,Passenger_183,female,41.99912852913075,0,1,Ticket_183,11.3646845442911,E,S,0
184,3,Passenger_184,female,5.755340873451182,0,1,Ticket_184,5.0422874544530165,nan,S,0
185,2,Passenger_185,male,14.194763712804688,0,1,Ticket_185,9.746328235605008,F,S,0
186,3,Passenger_186,female,13.982956176312104,0,0,Ticket_186,1.7873360755000727,A,S,1
187,3,Passenger_187,female,44.25461387960364,3,0,Ticket_187,187.26108089653198,B,S,0
188,3,Passenger_188,male,55.65920058872888,0,0,Ticket_188,2.769275135151379,nan,C,0
189,3,Passenger_189,male,28.433261721937928,1,1,Ticket_189,3.5312095443629,nan,S,0
190,2,Passenger_190,female,27.46767415214984,0,0,Ticket_190,7.182797669546046,nan,S,0
191,1,Passenger_191,male,31.05078244669772,0,1,Ticket_191,57.15065606187888,B,S,0
192,3,Passenger_192,male,47.42817453912286,0,0,Ticket_192,12.396458154581772,nan,S,0
193,3,Passenger_193,male,16.089702987141386,0,0,Ticket_193,2.7638842982252934,C,S,0
194,3,Passenger_194,female,33.57553474102178,0,1,Ticket_194,54.88313096538497,A,S,0
195,2,Passenger_195,male,44.62796444673644,1,1,Ticket_195,29.288670009459782,nan,S,0
196,2,Passenger_196,female,37.51641254909768,0,1,Ticket_196,23.24574137662968,C,S,0
197,3,Passenger_197,female,32.843724248981154,1,0,Ticket_197,28.75699636329801,G,S,0
198,3,Passenger_198,female,45.01569138850712,0,0,Ticket_198,215.55891953701646,B,S,1
199,3,Passenger_199,female,0.0,1,0,Ticket_199,167.68946964504565,F,S,0
200,3,Passenger_200,male,,0,1,Ticket_200,5.3438244640351344,nan,C,0
201,3,Passenger_201,female,20.188864753088644,0,0,Ticket_201,85.51245102583088,D,S,0
202,1,Passenger_202,male,2.5405065471531465,0,0,Ticket_202,19.294147811173158,G,S,0
203,1,Passenger_203,male,37.66803899287471,0,0,Ticket_203,22.17387910801725,B,S,0
204,3,Passenger_204,male,50.60487817744436,1,0,Ticket_204,1.5988346210665956,G,Q,0
205,3,Passenger_205,male,,0,0,Ticket_205,9.929767675245245,D,S,0
206,1,Passenger_206,female,44.293118208044085,0,0,Ticket_206,4.593359582832587,C,S,1
207,1,Passenger_207,female,,0,1,Ticket_207,32.906512215739156,D,S,1
208,3,Passenger_208,male,49.72371680376071,1,0,Ticket_208,44.048733497064134,B,S,0
209,1,Passenger_209,male,,0,2,Ticket_209,1.010672932484297,nan,S,1
210,1,Passenger_210,female,41.13191236607838,0,0,Ticket_210,11.864587974943493,D,C,0
211,3,Passenger_211,male,31.131504583523892,0,0,Ticket_211,46.81641108913969,C,Q,1
212,3,Passenger_212,male,5.970512821542474,0,0,Ticket_212,9.737508121341293,E,S,0
213,3,Passenger_213,male,26.309062678050772,1,1,Ticket_213,29.220671123324934,D,S,0
214,2,Passenger_214,female,17.351301070257122,0,0,Ticket_214,18.567236725693395,nan,C,1
215,3,Passenger_215,female,,0,0,Ticket_215,18.356656822665805,nan,C,0
216,2,Passenger_216,male,27.361712813514952,1,0,Ticket_216,8.797099160760778,E,C,0
217,2,Passenger_217,male,31.848072101767286,1,0,Ticket_217,2.8295085378500437,nan,S,0
218,3,Passenger_218,female,,1,0,Ticket_218,3.171370481750356,F,,0
219,3,Passenger_219,female,30.654036695586807,0,0,Ticket_219,28.537614306913113,B,S,0
220,3,Passenger_220,male,55.4257656064613,3,0,Ticket_220,12.470301115861508,G,S,0
221,3,Passenger_221,female,20.660259573983218,0,2,Ticket_221,10.316920418611776,F,C,0
222,3,Passenger_222,male,32.91911182855864,0,1,Ticket_222,7.325284173833214,G,S,0
223,1,Passenger_223,male,18.862941214529275,1,0,Ticket_223,8.446679329903747,nan,Q,0
224,2,Passenger_224,female,10.199662331689414,0,0,Ticket_224,42.789560247591496,E,S,1
225,2,Passenger_225,male,20.82346363642072,1,0,Ticket_225,8.147467165875712,nan,Q,0
226,2,Passenger_226,female,,1,0,Ticket_226,2.4368892881306055,nan,S,0
227,3,Passenger_227,male,23.560466632241102,0,0,Ticket_227,29.736704681766863,E,S,0
228,2,Passenger_228,male,19.61368530189216,0,0,Ticket_228,9.52717273215121,G,Q,0
229,3,Passenger_229,female,,1,0,Ticket_229,12.650225468851716,D,C,0
230,3,Passenger_230,male,28.753416410569578,0,0,Ticket_230,83.85540677285567,nan,S,0
231,3,Passenger_231,female,,1,0,Ticket_231,11.885597002908291,G,Q,0
232,3,Passenger_232,male,41.40083945534404,0,1,Ticket_232,17.23634796368865,A,S,0
233,3,Passenger_233,male,,0,0,Ticket_233,2.96030354019644,D,S,0
234,2,Passenger_234,male,8.136727508026041,0,0,Ticket_234,9.35954480328124,G,S,0
235,1,Passenger_235,female,25.36186384425205,1,0,Ticket_235,25.3158644923528,A,S,0
236,3,Passenger_236,male,18.717653916141252,0,0,Ticket_236,1.8842908050985834,A,S,0
237,2,Passenger_237,female,34.78761765628771,0,0,Ticket_237,15.502698596001105,E,S,0
238,1,Passenger_238,male,50.10675669034717,1,0,Ticket_238,13.748768922205613,D,S,0
239,3,Passenger_239,female,1.8724129553138305,0,0,Ticket_239,12.801277193691194,E,Q,0
240,1,Passenger_240,male,31.725391187211258,0,2,Ticket_240,42.29169277171133,C,Q,0
241,3,Passenger_241,female,27.598008066500395,0,0,Ticket_241,18.198264234762384,B,S,0
242,3,Passenger_242,female,40.07010114675698,0,1,Ticket_242,71.78577079184828,G,S,1
243,3,Passenger_243,female,33.19794942356533,0,0,Ticket_243,3.697631876219557,F,S,1
244,2,Passenger_244,female,18.720460023917713,1,0,Ticket_244,14.340812319341289,C,C,0
245,1,Passenger_245,female,25.21419096500073,2,1,Ticket_245,13.482063112580772,D,S,0
246,3,Passenger_246,female,18.059612147947664,0,0,Ticket_246,3.376685501432996,F,Q,0
247,2,Passenger_247,male,46.14010707897897,0,1,Ticket_247,38.38067211376074,A,C,0
248,3,Passenger_248,male,30.319674730079132,1,0,Ticket_248,198.2656834856198,B,S,0
249,3,Passenger_249,female,58.51786028629511,0,1,Ticket_249,11.93640185796253,A,,0
250,3,Passenger_250,female,,0,0,Ticket_250,22.332104480068832,nan,S,0
251,2,Passenger_251,female,19.37389849634306,2,0,Ticket_251,13.482899394630937,nan,S,0
252,2,Passenger_252,male,7.294284110807592,1,0,Ticket_252,5.174270671165893,nan,S,0
253,3,Passenger_253,male,2.952904856160824,0,0,Ticket_253,1.3703794422490783,nan,S,0
254,2,Passenger_254,male,6.237960854917652,1,0,Ticket_254,5.222999325352447,G,Q,0
255,1,Passenger_255,female,34.00689976517225,0,0,Ticket_255,2.2925160881553412,E,C,1
256,3,Passenger_256,male,37.63087534844901,0,1,Ticket_256,94.15312946316561,G,S,0
257,3,Passenger_257,male,,2,0,Ticket_257,10.610757736665041,A,S,0
258,3,Passenger_258,male,43.425574711141735,1,0,Ticket_258,8.043761364065963,G,S,0
259,3,Passenger_259,male,22.754084224748407,0,1,Ticket_259,35.409657361097004,nan,C,0
260,1,Passenger_260,male,32.20189517978324,0,0,Ticket_260,3.1705297153809626,F,S,0
261,3,Passenger_261,male,54.18330942383136,0,0,Ticket_261,4.85380607244949,D,S,0
262,3,Passenger_262,female,43.452589737982976,0,0,Ticket_262,13.219416861142529,C,S,1
263,1,Passenger_263,male,25.972040281412514,1,0,Ticket_263,41.86804093501419,G,S,0
264,3,Passenger_264,male,16.632116618770688,0,1,Ticket_264,22.242882153138066,G,C,0
265,3,Passenger_265,male,0.0,0,0,Ticket_265,16.411629034551403,nan,Q,0
266,3,Passenger_266,male,19.212700211363696,0,0,Ticket_266,13.379735447677803,D,S,0
267,3,Passenger_267,male,,1,1,Ticket_267,19.69338960981293,nan,S,0
268,3,Passenger_268,male,,0,0,Ticket_268,15.517733801597425,F,C,0
269,2,Passenger_269,female,28.03114549361543,1,0,Ticket_269,3.53966917811089,nan,S,0
270,2,Passenger_270,male,31.152778244381523,0,0,Ticket_270,12.875098100277249,F,Q,0
271,3,Passenger_271,female,26.62716027287882,0,0,Ticket_271,3.3587658813869146,F,C,0
272,3,Passenger_272,female,20.249961287648105,0,0,Ticket_272,13.427422237323018,F,S,0
273,3,Passenger_273,female,32.529820079500915,2,0,Ticket_273,6.842974258350396,nan,C,1
274,3,Passenger_274,male,36.629109743541136,1,0,Ticket_274,256.53316316355426,nan,S,0
275,3,Passenger_275,male,13.64401383835731,0,0,Ticket_275,11.613018339662698,A,S,0
276,3,Passenger_276,male,51.16398569619405,0,0,Ticket_276,2.2589780494041607,A,C,0
277,3,Passenger_277,male,,0,0,Ticket_277,10.370691960777927,nan,C,0
278,3,Passenger_278,female,30.282744344172716,0,3,Ticket_278,22.719656951322204,F,S,0
279,3,Passenger_279,male,40.62321634884836,1,0,Ticket_279,90.74349003161272,G,C,0
280,3,Passenger_280,male,33.49824196895253,0,1,Ticket_280,6.005388323127487,E,S,0
281,3,Passenger_281,female,44.29704950869868,0,0,Ticket_281,1.8240994827964017,A,S,0
282,2,Passenger_282,female,,0,0,Ticket_282,32.4663579665223,nan,S,0
283,2,Passenger_283,male,,0,0,Ticket_283,2.323980743254854,nan,S,0
284,1,Passenger_284,male,35.42255287809152,0,1,Ticket_284,7.218256705303204,D,C,0
285,3,Passenger_285,male,,0,0,Ticket_285,8.942859721405778,D,Q,0
286,1,Passenger_286,male,31.628395586647848,1,1,Ticket_286,11.205893620790222,nan,C,0
287,2,Passenger_287,male,29.501550140333087,0,0,Ticket_287,27.854578418222815,A,S,1
288,3,Passenger_288,male,,0,1,Ticket_288,5.363618610828486,nan,S,0
289,2,Passenger_289,male,28.071937328416038,0,0,Ticket_289,8.771649713351792,C,Q,0
290,3,Passenger_290,male,1.772264317535413,0,0,Ticket_290,11.975651854877064,F,C,0
291,1,Passenger_291,male,21.769126383885578,1,0,Ticket_291,14.578058400496461,nan,S,0
292,1,Passenger_292,male,31.39267351711672,1,1,Ticket_292,13.699955842442526,G,S,0
293,3,Passenger_293,male,32.397845879961004,0,0,Ticket_293,20.55711131077358,E,,0
294,2,Passenger_294,female,14.584872886110627,0,0,Ticket_294,33.535594983864605,G,S,1
295,1,Passenger_295,female,,1,0,Ticket_295,19.51456166189256,D,S,0
296,3,Passenger_296,male,17.007377276782485,1,1,Ticket_296,20.995384507523575,C,S,0
297,3,Passenger_297,male,44.541858007901055,1,0,Ticket_297,1.8245478445088033,nan,S,0
298,2,Passenger_298,male,36.40791542807527,1,0,Ticket_298,12.939352368250383,nan,S,0
299,3,Passenger_299,female,,1,1,Ticket_299,21.658739771852893,G,S,1
300,1,Passenger_300,female,56.62966338914268,0,0,Ticket_300,29.216377738208926,D,Q,1
301,1,Passenger_301,male,12.095447523652798,0,0,Ticket_301,5.307808673666123,A,Q,0
302,3,Passenger_302,female,43.787312604150024,1,0,Ticket_302,5.5242797125377745,A,S,0
303,3,Passenger_303,male,45.00873477064467,1,1,Ticket_303,6.117045323463148,F,S,0
304,3,Passenger_304,male,19.940696863850327,0,1,Ticket_304,23.189432515227963,nan,S,0
305,3,Passenger_305,female,,0,1,Ticket_305,42.12566883389819,F,C,0
306,3,Passenger_306,female,26.24930228101571,2,0,Ticket_306,7.471142041917931,nan,S,0
307,3,Passenger_307,female,34.33040443919786,0,0,Ticket_307,36.21794724972776,A,S,0
308,2,Passenger_308,female,33.90482758156831,1,0,Ticket_308,14.128241974248278,D,Q,1
309,3,Passenger_309,male,,0,2,Ticket_309,10.494560417026602,C,S,0
310,2,Passenger_310,female,42.16212409739673,3,0,Ticket_310,9.453064023260676,E,S,0
311,2,Passenger_311,male,41.902330808283196,0,0,Ticket_311,29.842502552594237,A,S,0
312,1,Passenger_312,female,3.7720204014272873,0,1,Ticket_312,18.0057901315374,nan,S,0
313,1,Passenger_313,male,49.56510364317229,1,0,Ticket_313,186.97791591645355,C,S,0
314,3,Passenger_314,female,5.062620179464886,1,0,Ticket_314,4.381234037393554,nan,S,0
315,3,Passenger_315,male,,2,0,Ticket_315,22.685411267353178,E,S,0
316,3,Passenger_316,female,46.90057705241375,0,0,Ticket_316,6.455669830904061,nan,S,0
317,2,Passenger_317,male,,0,0,Ticket_317,4.2924412009828155,F,S,0
318,1,Passenger_318,female,23.83778568068123,0,0,Ticket_318,12.024658730126372,nan,S,0
319,1,Passenger_319,male,13.414429972710963,0,1,Ticket_319,14.365406288989021,A,Q,0
320,2,Passenger_320,male,26.77618454566897,0,0,Ticket_320,404.1589600612772,nan,S,0
321,3,Passenger_321,male,25.37948573721388,2,0,Ticket_321,9.767152998467958,nan,S,0
322,3,Passenger_322,male,,0,1,Ticket_322,3.138627255707865,B,S,0
323,3,Passenger_323,female,49.654631191794124,1,0,Ticket_323,16.905057896907998,A,S,1
324,2,Passenger_324,male,50.93525716184934,0,0,Ticket_324,1.0104865574916018,E,Q,0
325,3,Passenger_325,female,21.567479601325466,0,0,Ticket_325,10.909695190094283,nan,S,0
326,3,Passenger_326,male,,0,0,Ticket_326,12.419034534657877,F,Q,0
327,3,Passenger_327,male,,0,2,Ticket_327,31.61148359664042,F,C,0
328,3,Passenger_328,female,17.91194900255717,1,0,Ticket_328,39.18706427348579,B,,1
329,2,Passenger_329,female,44.47277449646187,0,1,Ticket_329,6.6573163793936505,A,Q,0
330,2,Passenger_330,male,,0,1,Ticket_330,10.16817945211037,nan,,0
331,2,Passenger_331,male,,0,2,Ticket_331,4.858136864842402,A,S,0
332,3,Passenger_332,female,21.113036112706588,1,1,Ticket_332,3.146607644380035,G,S,0
333,1,Passenger_333,male,29.603913645616096,1,1,Ticket_333,17.670096282769833,nan,S,0
334,1,Passenger_334,female,34.2024173822941,2,0,Ticket_334,2.6424257545139693,C,C,0
335,1,Passenger_335,female,17.855947201175308,0,1,Ticket_335,7.4071645874618905,G,C,0
336,1,Passenger_336,female,36.36091566696135,0,1,Ticket_336,3.69060812545783,A,S,1
337,3,Passenger_337,male,,0,1,Ticket_337,23.561636646705626,G,S,0
338,3,Passenger_338,female,,1,0,Ticket_338,105.81752189856353,B,S,0
339,2,Passenger_339,male,38.194263720055496,0,0,Ticket_339,2.5551078155594853,nan,S,0
340,1,Passenger_340,male,30.096334047164067,3,0,Ticket_340,1.3183458680685651,D,C,0
341,2,Passenger_341,male,23.45421164210147,1,0,Ticket_341,10.486993107187143,E,S,0
342,2,Passenger_342,male,28.355852941112538,0,1,Ticket_342,12.414155016545394,F,S,0
343,1,Passenger_343,female,28.67455561191997,0,2,Ticket_343,15.83766823412753,B,C,1
344,2,Passenger_344,female,,0,1,Ticket_344,7.130742608865787,nan,C,0
345,2,Passenger_345,female,26.118059059993463,0,1,Ticket_345,9.575740236844178,D,C,0
346,3,Passenger_346,male,53.979707557570755,1,1,Ticket_346,18.93500816657191,G,C,0
347,3,Passenger_347,male,38.41379171911858,1,0,Ticket_347,42.45807299232772,B,S,0
348,1,Passenger_348,male,25.567795229562595,0,1,Ticket_348,1.1664226206178898,G,,0
349,2,Passenger_349,female,,0,0,Ticket_349,7.824600440160923,B,Q,0
350,3,Passenger_350,male,24.99270765365985,0,0,Ticket_350,15.745751025696793,E,C,0
351,3,Passenger_351,female,47.596869563799615,0,1,Ticket_351,4.048832931248676,C,S,0
352,3,Passenger_352,male,35.544632882971406,0,0,Ticket_352,97.26153216296244,nan,S,0
353,3,Passenger_353,male,,0,0,Ticket_353,5.683164135426268,C,,0
354,1,Passenger_354,female,36.715753887154165,0,0,Ticket_354,11.593548453492426,nan,S,1
355,1,Passenger_355,male,,0,0,Ticket_355,23.741546166021905,nan,Q,0
356,3,Passenger_356,female,13.09848796635292,1,0,Ticket_356,5.992197782543174,B,S,0
357,1,Passenger_357,female,12.091124904014169,1,0,Ticket_357,1.3285821787915593,G,C,1
358,3,Passenger_358,male,32.1441464214556,2,0,Ticket_358,7.28352222777038,A,,0
359,3,Passenger_359,male,55.987724992276384,1,0,Ticket_359,41.90179504217424,D,S,1
360,3,Passenger_360,male,63.469502192889486,0,1,Ticket_360,8.131340945117847,nan,S,0
361,2,Passenger_361,female,39.57076652161136,0,0,Ticket_361,4.411782656370922,G,C,1
362,3,Passenger_362,male,37.51266712416685,0,0,Ticket_362,36.99588356308871,G,,0
363,2,Passenger_363,female,2.9841339877089155,2,0,Ticket_363,8.19127959832251,C,S,1
364,3,Passenger_364,female,21.859893003989676,0,1,Ticket_364,6.604868466997903,D,C,1
365,3,Passenger_365,female,,0,0,Ticket_365,14.575576822277377,B,S,1
366,2,Passenger_366,male,20.68728602623326,0,0,Ticket_366,30.719580467906347,nan,C,0
367,3,Passenger_367,female,27.477842721228157,1,1,Ticket_367,212.31186139855927,F,Q,1
368,3,Passenger_368,female,22.91864133454309,0,0,Ticket_368,32.87404133594395,nan,Q,0
369,1,Passenger_369,male,0.3105028443631852,0,0,Ticket_369,48.999395419943745,C,S,0
370,1,Passenger_370,male,41.21865384176301,1,1,Ticket_370,6.638198133428577,D,,0
371,1,Passenger_371,female,,1,0,Ticket_371,3.5571450569563754,D,S,1
372,1,Passenger_372,male,33.588702961667245,0,1,Ticket_372,13.128659905418893,A,C,0
373,1,Passenger_373,female,61.111240046249605,0,0,Ticket_373,13.854414222935944,D,S,0
374,3,Passenger_374,male,16.209231126203647,0,2,Ticket_374,3.3393784951005165,nan,Q,1
375,1,Passenger_375,male,,0,0,Ticket_375,9.871448140537108,nan,S,0
376,2,Passenger_376,female,25.70993667179834,3,0,Ticket_376,19.671701325223793,F,S,0
377,3,Passenger_377,male,46.51439452497857,1,2,Ticket_377,18.773983856373807,E,C,0
378,1,Passenger_378,male,59.37521181330891,0,1,Ticket_378,22.31246350841066,A,S,0
379,3,Passenger_379,male,11.556756083213749,0,0,Ticket_379,17.273226061068492,nan,S,0
380,2,Passenger_380,male,37.45048834854782,0,0,Ticket_380,6.629899255781635,A,S,1
381,1,Passenger_381,male,23.0203431482992,1,0,Ticket_381,6.575293711530947,nan,S,0
382,3,Passenger_382,male,28.410774685437964,0,1,Ticket_382,2.890005260622681,E,S,0
383,3,Passenger_383,female,,1,1,Ticket_383,103.72363922023621,D,S,0
384,3,Passenger_384,male,,0,0,Ticket_384,12.380720169095383,nan,S,0
385,3,Passenger_385,female,33.8060949224186,0,1,Ticket_385,9.301506097788886,A,C,0
386,3,Passenger_386,male,37.0153975764815,2,0,Ticket_386,3.996621991719685,F,S,0
387,2,Passenger_387,female,46.286794874090205,0,0,Ticket_387,412.7282899181307,F,S,0
388,1,Passenger_388,male,31.469747302063432,0,1,Ticket_388,3.3602197087039136,C,,0
389,3,Passenger_389,female,34.62075809256154,1,0,Ticket_389,7.281832075517,E,C,0
390,3,Passenger_390,male,24.125271488673135,0,0,Ticket_390,20.065545771898854,G,S,0
391,3,Passenger_391,male,34.03690411867661,0,0,Ticket_391,25.034517157395808,nan,S,0
392,2,Passenger_392,male,,0,1,Ticket_392,38.456143659084674,A,S,0
393,2,Passenger_393,male,39.323578347840765,0,0,Ticket_393,106.60497807947151,nan,C,1
394,3,Passenger_394,male,,1,0,Ticket_394,22.36258358487537,B,S,0
395,2,Passenger_395,male,35.65650590853279,0,0,Ticket_395,3.4306956020214856,C,C,0
396,3,Passenger_396,female,29.561057794725325,2,1,Ticket_396,8.950110242904492,C,S,1
397,3,Passenger_397,male,,0,1,Ticket_397,17.62641883996691,A,S,0
398,2,Passenger_398,male,29.229094146172706,0,0,Ticket_398,145.74685541593135,B,Q,0
399,3,Passenger_399,female,3.404512976896779,1,1,Ticket_399,2.2764869103860566,nan,S,0
400,3,Passenger_400,female,48.92882251070988,2,2,Ticket_400,51.57782366995923,D,S,1
401,1,Passenger_401,male,16.414015487060716,0,0,Ticket_401,15.118168666203708,B,S,0
402,3,Passenger_402,male,,0,1,Ticket_402,33.29464729837053,B,S,0
403,3,Passenger_403,male,,0,0,Ticket_403,10.779070529786575,nan,S,0
404,3,Passenger_404,female,,0,0,Ticket_404,4.4330190091237425,nan,S,0
405,2,Passenger_405,female,0.0,2,0,Ticket_405,29.995498946275138,C,C,1
406,3,Passenger_406,male,77.0662280048999,1,1,Ticket_406,26.71745861755895,A,C,0
407,2,Passenger_407,female,45.84085213599078,0,0,Ticket_407,39.113526712402376,C,Q,0
408,1,Passenger_408,female,33.348583711937394,0,0,Ticket_408,11.989538016290036,A,S,1
409,3,Passenger_409,male,29.176589990755705,1,0,Ticket_409,5.931123005231044,B,S,0
410,1,Passenger_410,female,34.28331112286485,1,0,Ticket_410,1.876588697455352,E,S,1
411,2,Passenger_411,male,,0,1,Ticket_411,32.56532010799827,C,S,1
412,3,Passenger_412,male,39.678233789250854,0,2,Ticket_412,20.260382514685052,F,S,0
413,3,Passenger_413,male,38.334066990051724,0,0,Ticket_413,3.8230970513324847,C,S,0
414,3,Passenger_414,male,,2,0,Ticket_414,6.3834684385588965,nan,S,0
415,3,Passenger_415,male,27.039923695390108,0,0,Ticket_415,6.9579815538691,nan,S,0
416,2,Passenger_416,female,,0,2,Ticket_416,2.0552935441613065,F,S,0
417,2,Passenger_417,male,27.076375794709783,0,0,Ticket_417,4.566655614925979,D,C,0
418,2,Passenger_418,male,47.00655145300597,0,2,Ticket_418,3.1249040284862475,D,S,0
419,3,Passenger_419,male,38.90335083421293,0,0,Ticket_419,7.4262809307421875,E,C,0
420,3,Passenger_420,female,0.0,1,0,Ticket_420,5.020668047317427,nan,C,0
421,3,Passenger_421,male,39.83851164794642,0,1,Ticket_421,1.7290879880381356,E,S,0
422,3,Passenger_422,male,32.92104292078162,0,0,Ticket_422,137.97993508945117,nan,,0
423,1,Passenger_423,male,29.719368653311538,0,0,Ticket_423,54.76486711066348,nan,S,0
424,2,Passenger_424,male,24.17222320366671,0,0,Ticket_424,4.783520081366167,D,S,0
425,1,Passenger_425,female,,1,0,Ticket_425,16.893107119591534,F,S,1
426,3,Passenger_426,female,44.21289693184287,0,1,Ticket_426,20.10479025440124,A,Q,0
427,2,Passenger_427,male,18.40683498264586,0,0,Ticket_427,50.871509177258474,C,S,0
428,3,Passenger_428,female,36.105784306868024,1,0,Ticket_428,4.561602412319025,E,S,1
429,2,Passenger_429,female,15.42514898188071,0,0,Ticket_429,45.17429095234498,C,,0
430,1,Passenger_430,female,9.305727528166042,0,0,Ticket_430,6.3123853682514754,nan,S,1
431,1,Passenger_431,male,20.599241631150523,2,0,Ticket_431,2.452149814233458,B,,0
432,3,Passenger_432,male,42.93590208574138,3,0,Ticket_432,29.04841356121858,E,C,0
433,3,Passenger_433,male,44.2968756806413,1,0,Ticket_433,57.334934148304626,G,S,0
434,1,Passenger_434,female,37.69628130145939,1,0,Ticket_434,271.9153401058182,G,S,0
435,1,Passenger_435,male,40.87643680271996,1,0,Ticket_435,2.8873227303932616,D,S,0
436,3,Passenger_436,male,37.742674306724375,1,2,Ticket_436,28.182567755331846,nan,C,0
437,1,Passenger_437,male,20.377776071655717,0,0,Ticket_437,7.450182341400775,F,S,0
438,3,Passenger_438,female,36.47883817010911,1,1,Ticket_438,31.187907907632095,E,S,1
439,3,Passenger_439,male,42.00614287841523,1,2,Ticket_439,2.0863425116513596,A,Q,0
440,1,Passenger_440,female,41.314369947203616,0,0,Ticket_440,2.6769451344393773,E,S,1
441,1,Passenger_441,female,47.83370057211964,1,1,Ticket_441,4.801604880810893,nan,C,0
442,3,Passenger_442,male,40.624557708015956,1,0,Ticket_442,13.393330441485595,G,S,0
443,2,Passenger_443,female,35.27172311312374,0,0,Ticket_443,5.644617747950718,nan,S,1
444,2,Passenger_444,male,46.052253574746416,0,0,Ticket_444,26.86609849242175,E,S,0
445,3,Passenger_445,female,29.6021811112641,0,1,Ticket_445,41.77397516437733,B,S,0
446,3,Passenger_446,male,16.771880231584234,0,1,Ticket_446,25.01543537871356,A,C,0
447,3,Passenger_447,female,27.55399554084354,0,0,Ticket_447,84.99098292204603,D,S,0
448,3,Passenger_448,female,18.826460327903263,0,0,Ticket_448,20.065300006649206,G,S,1
449,2,Passenger_449,female,19.872325875384277,0,0,Ticket_449,2.828436109971652,nan,C,0
450,1,Passenger_450,female,27.832219939267233,2,0,Ticket_450,62.55535321634371,C,S,1
451,3,Passenger_451,male,,1,2,Ticket_451,5.893278812776002,E,S,0
452,3,Passenger_452,female,25.380577055414395,1,0,Ticket_452,36.32485434308425,E,C,0
453,2,Passenger_453,female,1.5957799956932135,1,0,Ticket_453,80.51802399053875,E,Q,0
454,3,Passenger_454,male,33.19940561059408,1,0,Ticket_454,21.07369568729693,C,C,0
455,1,Passenger_455,male,,1,1,Ticket_455,2.0230563737374627,B,S,0
456,2,Passenger_456,female,,0,1,Ticket_456,4.047686163452404,B,S,0
457,1,Passenger_457,female,39.88868502648607,1,0,Ticket_457,59.57841596622867,A,S,1
458,2,Passenger_458,female,44.06355206439838,0,1,Ticket_458,9.944829593116074,B,S,0
459,1,Passenger_459,male,5.886602034465387,1,0,Ticket_459,13.403129734084988,A,S,1
460,1,Passenger_460,female,18.559128321506787,1,0,Ticket_460,30.283084805767267,G,S,1
461,1,Passenger_461,male,18.462864753190527,0,0,Ticket_461,28.09488228029253,D,C,0
462,3,Passenger_462,female,,0,1,Ticket_462,17.022904740071258,nan,S,0
463,3,Passenger_463,male,42.44212262897623,0,1,Ticket_463,9.483922101895278,B,S,0
464,3,Passenger_464,female,27.092607918407946,0,0,Ticket_464,8.371205204548586,D,S,0
465,3,Passenger_465,female,26.032277380340837,0,1,Ticket_465,34.1061796865322,D,S,1
466,2,Passenger_466,male,0.0,0,0,Ticket_466,23.67177564218968,A,S,0
467,2,Passenger_467,female,39.5312704531384,2,0,Ticket_467,8.946299644560732,nan,S,0
468,3,Passenger_468,male,11.411124077197911,0,0,Ticket_468,44.63573518737399,A,C,0
469,2,Passenger_469,female,30.898989453994925,0,0,Ticket_469,10.434932395142013,nan,,0
470,3,Passenger_470,female,34.160654069372875,0,0,Ticket_470,4.3841922038279995,nan,C,0
471,1,Passenger_471,male,,1,0,Ticket_471,4.899999785377091,F,S,0
472,3,Passenger_472,female,10.36769401321332,0,0,Ticket_472,3.7641083095484555,F,C,0
473,1,Passenger_473,female,0.0,0,1,Ticket_473,8.785546957390961,G,C,0
474,3,Passenger_474,male,32.75774317130542,0,1,Ticket_474,53.54214677812523,D,S,0
475,3,Passenger_475,male,57.0076677226628,2,0,Ticket_475,4.636156965034549,G,S,0
476,3,Passenger_476,female,48.58419529409156,0,1,Ticket_476,15.274288326285303,A,Q,0
477,1,Passenger_477,female,,2,1,Ticket_477,5.539879697369252,A,S,0
478,3,Passenger_478,female,22.62545721551929,0,0,Ticket_478,8.914054161182047,E,S,0
479,3,Passenger_479,female,42.10683894955966,0,0,Ticket_479,1.9896336884125359,F,C,0
480,3,Passenger_480,male,,0,0,Ticket_480,9.349792261310892,nan,S,0
481,3,Passenger_481,female,37.14536654034329,0,1,Ticket_481,9.655749530845746,B,S,0
482,3,Passenger_482,male,,0,2,Ticket_482,23.297487749366052,nan,S,0
483,2,Passenger_483,male,,0,0,Ticket_483,15.925746811598383,C,S,0
484,3,Passenger_484,male,71.39490058366616,0,2,Ticket_484,2.891945474054916,D,S,0
485,3,Passenger_485,male,35.88623950768151,1,0,Ticket_485,44.7476036180455,D,S,0
486,3,Passenger_486,male,22.365545614387518,0,0,Ticket_486,15.679649294758063,E,C,0
487,1,Passenger_487,male,,0,1,Ticket_487,15.457158364620657,B,Q,0
488,2,Passenger_488,female,3.4638614266632253,0,1,Ticket_488,12.048994059804627,F,S,0
489,3,Passenger_489,male,19.579303033664125,1,0,Ticket_489,6.5449323510429025,nan,S,0
490,3,Passenger_490,male,23.86076342830344,0,0,Ticket_490,15.821389774620535,E,S,0
491,2,Passenger_491,male,,1,0,Ticket_491,21.557119282173968,E,,0
492,3,Passenger_492,male,32.28532308050583,1,0,Ticket_492,1.4973923626369225,nan,C,0
493,2,Passenger_493,male,17.66370101426699,0,0,Ticket_493,6.382034892586722,nan,S,0
494,1,Passenger_494,male,46.81546000986707,0,0,Ticket_494,8.971596438267964,E,S,0
495,2,Passenger_495,female,,0,0,Ticket_495,16.56686683294705,C,C,1
496,2,Passenger_496,female,29.860495182920783,2,0,Ticket_496,51.00752684917092,nan,S,0
497,3,Passenger_497,female,25.081579252306234,0,1,Ticket_497,4.825483912383123,F,S,0
498,1,Passenger_498,male,32.32786025788469,2,0,Ticket_498,6.7022667080689855,C,S,0
499,3,Passenger_499,male,42.37647397001452,0,0,Ticket_499,6.586084849762575,C,S,0
500,3,Passenger_500,female,16.993046764336498,0,1,Ticket_500,4.65604740505117,nan,S,0
501,3,Passenger_501,male,20.12825266387115,1,1,Ticket_501,8.031539321112328,A,S,0
502,3,Passenger_502,male,25.44410956835003,0,0,Ticket_502,30.721497811804348,nan,S,0
503,2,Passenger_503,male,9.811936147901775,1,0,Ticket_503,3.4397452230057755,B,S,0
504,3,Passenger_504,male,17.711132104177533,0,1,Ticket_504,20.356031866465546,nan,S,0
505,3,Passenger_505,male,,0,0,Ticket_505,1.5804621811491821,D,S,0
506,1,Passenger_506,male,43.11583771069091,0,1,Ticket_506,6.21145025600866,E,S,0
507,3,Passenger_507,male,33.938419935028875,0,1,Ticket_507,8.203926160462327,nan,S,0
508,3,Passenger_508,male,,0,1,Ticket_508,90.90650924694093,E,,0
509,3,Passenger_509,female,42.763469432519585,0,0,Ticket_509,8.76036205257428,F,S,0
510,3,Passenger_510,female,27.93942317400905,0,0,Ticket_510,0.8680619740971651,A,Q,0
511,3,Passenger_511,female,35.856972748933345,2,1,Ticket_511,1.1066454382438162,A,C,0
512,2,Passenger_512,female,28.451673706012556,0,0,Ticket_512,12.690269308638168,C,S,1
513,3,Passenger_513,female,33.980435240994424,0,0,Ticket_513,25.445146739374135,G,S,0
514,3,Passenger_514,male,21.25862013582627,0,0,Ticket_514,19.116408101073848,B,S,0
515,1,Passenger_515,male,0.0,0,0,Ticket_515,14.895871990678835,B,S,0
516,1,Passenger_516,male,27.98581256720544,1,0,Ticket_516,49.14187472252254,E,S,0
517,2,Passenger_517,female,51.3412220414991,0,0,Ticket_517,6.375678617069062,G,S,0
518,3,Passenger_518,female,43.893231033623884,0,0,Ticket_518,35.65511686843636,nan,C,1
519,3,Passenger_519,male,44.48096226886756,1,0,Ticket_519,1.7187239706488358,B,S,0
520,1,Passenger_520,female,48.54196082709326,1,0,Ticket_520,4.112629481562703,A,S,0
521,3,Passenger_521,male,31.32986386442156,2,1,Ticket_521,1.3931262551000683,nan,C,0
522,2,Passenger_522,female,32.959735611083936,0,0,Ticket_522,8.759910072473623,C,S,0
523,3,Passenger_523,male,,0,0,Ticket_523,11.52463063425227,nan,S,0
524,3,Passenger_524,male,25.25890715959425,0,3,Ticket_524,13.970134355765339,nan,C,0
525,3,Passenger_525,male,,1,0,Ticket_525,13.121603886153366,nan,C,0
526,2,Passenger_526,male,48.05826655753224,1,0,Ticket_526,4.002567391208954,B,S,0
527,2,Passenger_527,male,27.908305864785007,0,0,Ticket_527,9.695976316358086,nan,,0
528,2,Passenger_528,male,23.247161027228827,0,0,Ticket_528,2.019932303379566,nan,Q,0
529,1,Passenger_529,female,30.00791938284896,1,1,Ticket_529,62.54427901616747,F,C,0
530,3,Passenger_530,male,39.01810123393672,1,1,Ticket_530,8.462534478698636,D,S,0
531,3,Passenger_531,male,8.342177757996872,0,1,Ticket_531,6.77565917440188,C,S,0
532,3,Passenger_532,female,0.0,1,0,Ticket_532,82.00075004665932,B,S,0
533,3,Passenger_533,female,21.741947257626247,3,1,Ticket_533,2.7436911798424726,F,C,0
534,3,Passenger_534,male,11.68931361128762,0,0,Ticket_534,3.155968630077704,F,S,0
535,3,Passenger_535,male,22.37789703529034,1,0,Ticket_535,3.269168300348971,D,S,0
536,3,Passenger_536,male,,0,1,Ticket_536,11.229613393806176,E,S,0
537,3,Passenger_537,male,23.201273864654798,1,0,Ticket_537,20.449490250763727,D,,0
538,2,Passenger_538,female,51.787013017061184,0,1,Ticket_538,29.59515192924386,G,S,0
539,2,Passenger_539,male,34.9011714690348,0,0,Ticket_539,266.77200533173385,nan,S,0
540,1,Passenger_540,male,34.507115394162426,0,1,Ticket_540,0.8192885436389733,B,S,0
541,3,Passenger_541,female,39.333107160651025,1,1,Ticket_541,25.291862582688506,D,S,0
542,3,Passenger_542,male,12.917503233288464,2,0,Ticket_542,6.242890603831372,B,S,0
543,2,Passenger_543,male,45.58667681130403,0,0,Ticket_543,6.027316105349159,G,S,0
544,3,Passenger_544,male,28.8635357019681,1,1,Ticket_544,5.790817342299884,nan,S,0
545,3,Passenger_545,female,40.05720925861819,1,1,Ticket_545,4.093811302846491,nan,Q,0
546,2,Passenger_546,male,13.922141504397668,2,0,Ticket_546,91.9669985721157,C,S,0
547,1,Passenger_547,female,,0,0,Ticket_547,33.4735907602646,nan,Q,0
548,3,Passenger_548,male,42.26834487037543,1,0,Ticket_548,12.526359378169948,A,S,0
549,3,Passenger_549,male,,1,0,Ticket_549,61.634322757164675,G,C,0
550,3,Passenger_550,female,16.469226684637345,0,1,Ticket_550,1.9837028840825461,A,S,0
551,3,Passenger_551,female,,2,0,Ticket_551,2.4673725571071934,nan,S,0
552,3,Passenger_552,female,46.88152176622154,0,0,Ticket_552,0.892649494393847,F,S,0
553,3,Passenger_553,female,12.158821606990081,1,0,Ticket_553,5.263007081268177,G,,1
554,3,Passenger_554,female,54.64009429883945,0,0,Ticket_554,14.791286125144,nan,S,1
555,3,Passenger_555,male,16.49068898028197,1,0,Ticket_555,13.782922054688374,B,S,0
556,2,Passenger_556,male,39.57587888412574,0,0,Ticket_556,14.573579896277344,A,,0
557,1,Passenger_557,female,25.07072286376523,0,0,Ticket_557,2.2405733719227805,nan,Q,0
558,1,Passenger_558,male,39.047811466235146,1,0,Ticket_558,31.93765404045608,D,S,0
559,3,Passenger_559,female,21.83828996828711,1,0,Ticket_559,16.241229205885997,B,S,0
560,3,Passenger_560,female,27.558106408915588,1,0,Ticket_560,29.360937597588794,E,C,0
561,3,Passenger_561,male,,0,0,Ticket_561,1.2569465249432665,F,S,0
562,2,Passenger_562,male,14.967188163277909,0,0,Ticket_562,17.70397216594532,A,S,0
563,1,Passenger_563,female,41.11236518130189,0,2,Ticket_563,2.929060467642277,C,S,1
564,1,Passenger_564,male,22.301796502926223,0,0,Ticket_564,7.562577694358481,A,S,0
565,2,Passenger_565,female,26.57100126989972,1,1,Ticket_565,23.13248434445236,E,S,1
566,3,Passenger_566,male,15.084759380872317,1,1,Ticket_566,13.589702373344672,nan,C,0
567,2,Passenger_567,female,0.0,0,0,Ticket_567,4.384835120262229,nan,C,0
568,2,Passenger_568,male,27.134583560997463,1,1,Ticket_568,12.274547229517866,G,S,1
569,3,Passenger_569,female,66.18923132419374,0,0,Ticket_569,1.9389713911330093,B,Q,1
570,2,Passenger_570,male,41.769064318470356,0,0,Ticket_570,48.43975568829611,nan,C,0
571,3,Passenger_571,male,29.71109430398408,0,0,Ticket_571,9.52251673327429,F,S,0
572,3,Passenger_572,male,26.056637561875984,0,0,Ticket_572,46.63073779904054,B,S,0
573,2,Passenger_573,female,30.336988392180697,0,0,Ticket_573,6.476381704547432,nan,S,0
574,3,Passenger_574,female,38.20678672762815,1,0,Ticket_574,6.499393168896533,nan,S,1
575,3,Passenger_575,male,12.287807770367326,0,0,Ticket_575,4.86942497918842,nan,S,0
576,3,Passenger_576,male,46.71482542003308,0,0,Ticket_576,34.86239419519523,nan,S,0
577,1,Passenger_577,male,40.73071973161866,0,0,Ticket_577,5.200124726711744,C,S,0
578,3,Passenger_578,female,,2,0,Ticket_578,26.40397372992591,C,S,0
579,2,Passenger_579,female,,1,1,Ticket_579,7.698743415860409,G,S,0
580,2,Passenger_580,male,30.29424986540985,0,0,Ticket_580,1.1375127039975035,C,S,0
581,2,Passenger_581,male,40.0929185395023,0,0,Ticket_581,6.144903989047058,E,C,0
582,3,Passenger_582,male,,0,0,Ticket_582,2.9596474093103957,nan,S,0
583,2,Passenger_583,male,24.68938933588464,0,1,Ticket_583,12.688337550031848,nan,S,0
584,2,Passenger_584,male,21.395973406546485,0,0,Ticket_584,2.9197871424170865,E,S,0
585,3,Passenger_585,female,31.5278444289298,0,0,Ticket_585,37.009332880757796,nan,S,0
586,2,Passenger_586,male,53.23530227242781,1,0,Ticket_586,10.921233999792909,nan,S,0
587,1,Passenger_587,female,11.413393865191487,0,2,Ticket_587,9.844223203030783,G,Q,0
588,1,Passenger_588,male,,1,0,Ticket_588,26.764344305672726,C,Q,0
589,1,Passenger_589,male,32.47141261854775,0,0,Ticket_589,38.73285943937335,C,S,0
590,1,Passenger_590,female,30.76331552784027,2,0,Ticket_590,11.8921854303165,D,S,1
591,1,Passenger_591,female,32.60012496555612,1,0,Ticket_591,4.828614823655437,B,Q,0
592,3,Passenger_592,female,33.659297968627506,1,0,Ticket_592,1.449525788698277,C,S,1
593,1,Passenger_593,male,,0,0,Ticket_593,5.348094298468479,C,C,0
594,2,Passenger_594,male,52.34795157903123,0,0,Ticket_594,5.808633260432173,E,S,1
595,3,Passenger_595,female,5.986440322852268,0,1,Ticket_595,13.852544630491202,nan,C,0
596,2,Passenger_596,male,17.57254462829631,1,1,Ticket_596,8.051220884763339,B,S,0
597,3,Passenger_597,male,28.45117859776429,0,0,Ticket_597,27.813445822843764,nan,S,0
598,1,Passenger_598,male,5.352167832687492,0,1,Ticket_598,5.838185663280711,G,S,0
599,1,Passenger_599,male,27.36218393351893,1,0,Ticket_599,11.376508822495389,A,S,0
600,1,Passenger_600,female,54.922052485920275,1,0,Ticket_600,50.440021222107276,nan,S,1
601,1,Passenger_601,male,30.313297324439425,0,1,Ticket_601,18.360291404036886,F,S,0
602,2,Passenger_602,male,,0,0,Ticket_602,11.33567633444819,D,S,0
603,1,Passenger_603,male,11.097528522411295,0,1,Ticket_603,5.916036234600714,nan,S,0
604,1,Passenger_604,male,20.754578879407838,2,1,Ticket_604,5.698040386805367,C,S,0
605,1,Passenger_605,male,24.372054295140945,0,3,Ticket_605,4.389714085847843,G,S,0
606,2,Passenger_606,male,25.23427354865649,0,1,Ticket_606,6.364856974017547,A,S,0
607,2,Passenger_607,male,49.22465692505653,1,0,Ticket_607,30.16852029801854,nan,Q,1
608,2,Passenger_608,female,,0,0,Ticket_608,9.334657388035351,E,S,1
609,3,Passenger_609,male,13.328130645944519,0,0,Ticket_609,2.411556324171757,G,C,0
610,3,Passenger_610,male,33.697571676480074,1,2,Ticket_610,101.67720635908036,C,C,0
611,1,Passenger_611,female,,0,0,Ticket_611,17.88492589657511,G,Q,0
612,3,Passenger_612,female,47.102235577819,0,0,Ticket_612,2.251660444509989,nan,C,0
613,3,Passenger_613,male,53.708110298525604,0,1,Ticket_613,7.1691083419029935,E,C,0
614,1,Passenger_614,male,14.77358712258197,2,0,Ticket_614,13.916339583828176,G,S,0
615,3,Passenger_615,male,17.83713733184493,0,0,Ticket_615,94.2085095056088,E,C,0
616,3,Passenger_616,female,11.136332116280755,0,0,Ticket_616,3.2228467411502373,nan,S,0
617,1,Passenger_617,female,26.48970211339528,0,0,Ticket_617,39.300956744676085,E,Q,0
618,2,Passenger_618,female,,0,1,Ticket_618,65.3255814578086,nan,S,0
619,3,Passenger_619,male,44.81001774883653,1,0,Ticket_619,5.729423036293253,nan,,0
620,3,Passenger_620,female,,0,0,Ticket_620,8.731905858021445,E,S,0
621,1,Passenger_621,male,25.20228715117734,0,0,Ticket_621,3.512854318446269,C,,0
622,2,Passenger_622,male,,0,1,Ticket_622,9.543369600566596,E,S,0
623,2,Passenger_623,male,17.472856475549655,0,0,Ticket_623,11.659158759787314,nan,S,1
624,2,Passenger_624,female,,0,0,Ticket_624,26.8853088415231,C,C,1
625,3,Passenger_625,male,5.88508459322912,1,1,Ticket_625,45.070150016735255,F,S,0
626,2,Passenger_626,female,32.77110868343587,0,1,Ticket_626,4.964361665948739,nan,S,1
627,2,Passenger_627,male,60.35409328844459,2,0,Ticket_627,1.1493653528216035,D,S,0
628,3,Passenger_628,male,30.101997668399967,1,0,Ticket_628,11.875842144865159,G,S,0
629,1,Passenger_629,male,27.149414474977583,0,0,Ticket_629,17.326637131952715,C,S,0
630,2,Passenger_630,male,24.63831865784359,0,0,Ticket_630,16.43315968061308,B,S,0
631,3,Passenger_631,female,27.294124773563883,1,0,Ticket_631,8.231696281496271,nan,S,0
632,3,Passenger_632,male,50.592727120147956,0,2,Ticket_632,14.149828722467381,A,S,0
633,3,Passenger_633,female,0.0,0,0,Ticket_633,75.07846525317996,C,,1
634,3,Passenger_634,female,53.00150551944488,1,0,Ticket_634,19.260974511028873,nan,S,0
635,1,Passenger_635,female,,0,1,Ticket_635,7.783124700373221,D,S,0
636,2,Passenger_636,male,26.00021506148378,1,0,Ticket_636,6.684307529570553,nan,Q,0
637,3,Passenger_637,male,23.561333695520073,2,0,Ticket_637,9.936125647432325,nan,C,0
638,2,Passenger_638,male,38.828299046560794,1,2,Ticket_638,86.84178972021321,C,S,0
639,2,Passenger_639,female,,0,0,Ticket_639,9.777063160064257,A,S,0
640,2,Passenger_640,female,36.93258999122914,0,0,Ticket_640,11.896530304775881,nan,Q,0
641,1,Passenger_641,male,,0,0,Ticket_641,6.829310486842994,E,S,0
642,2,Passenger_642,female,9.552389931107843,0,2,Ticket_642,45.548606429289094,B,,1
643,2,Passenger_643,male,32.84559251415593,1,0,Ticket_643,127.97113180292311,nan,S,0
644,2,Passenger_644,female,20.070267333050865,0,1,Ticket_644,20.920628030356873,A,S,0
645,1,Passenger_645,male,,0,0,Ticket_645,13.454686507044947,nan,S,0
646,3,Passenger_646,female,30.287216661236283,1,0,Ticket_646,12.73226597921394,B,,1
647,3,Passenger_647,male,20.377696364335357,0,0,Ticket_647,0.6968618137101922,B,S,0
648,3,Passenger_648,female,37.31808427306611,0,1,Ticket_648,29.790246376729034,B,S,0
649,3,Passenger_649,female,57.06522164680115,0,0,Ticket_649,14.310588233607175,nan,C,1
650,2,Passenger_650,female,27.13644312409052,0,0,Ticket_650,20.368925114748947,G,S,0
651,1,Passenger_651,male,40.79636913222273,0,0,Ticket_651,5.18746618561316,nan,S,0
652,3,Passenger_652,male,10.600905631932545,0,0,Ticket_652,7.680247285142574,D,S,0
653,3,Passenger_653,male,,0,0,Ticket_653,7.439250289268671,D,S,0
654,3,Passenger_654,male,37.08609416820566,0,1,Ticket_654,41.51054871695693,C,Q,0
655,2,Passenger_655,male,52.261740428039474,0,0,Ticket_655,7.732932803997084,E,Q,0
656,1,Passenger_656,female,35.3342002317849,1,0,Ticket_656,148.29334702385722,F,Q,0
657,2,Passenger_657,male,,0,1,Ticket_657,20.430623001684204,G,S,0
658,2,Passenger_658,male,29.98937108135031,0,0,Ticket_658,2.6357843612584504,C,S,0
659,3,Passenger_659,male,,1,0,Ticket_659,10.44104264937614,nan,S,0
660,3,Passenger_660,male,39.0677298953305,0,0,Ticket_660,5.573314018555756,B,S,0
661,2,Passenger_661,female,43.234995934851135,1,0,Ticket_661,0.8752384077085251,nan,,0
662,3,Passenger_662,male,,1,1,Ticket_662,83.04354660775819,A,S,0
663,3,Passenger_663,female,22.949367783607478,1,0,Ticket_663,28.32574336397119,E,Q,1
664,2,Passenger_664,male,,1,1,Ticket_664,23.100373390295687,D,S,0
665,1,Passenger_665,female,,0,0,Ticket_665,14.857196971020391,E,C,0
666,1,Passenger_666,female,29.008010780612665,1,0,Ticket_666,2.3200272181464463,F,C,1
667,2,Passenger_667,male,,0,0,Ticket_667,6.81863586826922,E,S,1
668,1,Passenger_668,female,26.29461448881005,1,0,Ticket_668,33.452848160170994,E,S,1
669,1,Passenger_669,male,24.624897719681666,0,1,Ticket_669,3.4505580247255137,nan,S,0
670,2,Passenger_670,female,20.286872915472614,0,1,Ticket_670,0.5838429932345115,G,S,0
671,1,Passenger_671,male,,1,0,Ticket_671,9.276393044223674,nan,S,1
672,3,Passenger_672,female,,0,0,Ticket_672,10.276820632192631,C,S,0
673,1,Passenger_673,female,20.25940442517861,1,1,Ticket_673,14.334598630812946,G,S,0
674,3,Passenger_674,female,49.81956048409518,1,0,Ticket_674,29.2015669999862,F,S,0
675,2,Passenger_675,female,51.29404506770456,0,1,Ticket_675,26.183435413025883,D,,0
676,3,Passenger_676,male,20.993646513919423,1,1,Ticket_676,16.618620212780936,E,Q,0
677,1,Passenger_677,male,2.001900729590755,0,1,Ticket_677,51.14361551310866,D,S,0
678,2,Passenger_678,male,45.11270534755383,0,0,Ticket_678,1.9684299848937994,B,S,0
679,3,Passenger_679,male,,1,0,Ticket_679,22.320335692194174,C,S,0
680,3,Passenger_680,female,,0,0,Ticket_680,25.83799378508898,B,S,0
681,3,Passenger_681,male,0.44844273432246595,0,1,Ticket_681,2.7525431240003257,G,S,0
682,2,Passenger_682,female,43.38896007448964,0,0,Ticket_682,2.006827806319467,G,C,0
683,1,Passenger_683,female,11.832421060788281,0,0,Ticket_683,4.977209776773033,nan,S,1
684,3,Passenger_684,female,40.96146178599787,2,1,Ticket_684,5.507717381389659,nan,S,0
685,3,Passenger_685,male,30.214096017546513,0,0,Ticket_685,30.08730602933276,A,Q,0
686,3,Passenger_686,female,15.690908709050328,0,0,Ticket_686,5.827298183433775,nan,S,0
687,3,Passenger_687,female,23.894455306098294,0,1,Ticket_687,4.359606400026261,nan,S,0
688,2,Passenger_688,male,40.294776854350516,1,0,Ticket_688,5.847647923098177,E,C,0
689,3,Passenger_689,female,31.588416796728513,0,1,Ticket_689,46.63534830907914,F,S,0
690,1,Passenger_690,female,38.766194707087266,1,1,Ticket_690,12.374675046636684,nan,S,1
691,2,Passenger_691,male,59.64660876773228,1,0,Ticket_691,9.824691615935777,F,S,0
692,2,Passenger_692,male,,2,0,Ticket_692,10.67594843522026,nan,S,0
693,3,Passenger_693,male,54.25818862452936,1,0,Ticket_693,57.42457807806203,A,Q,0
694,2,Passenger_694,male,31.565339062848196,0,1,Ticket_694,4.957957829727445,B,C,0
695,1,Passenger_695,male,,0,1,Ticket_695,59.06331175314607,E,S,0
696,3,Passenger_696,male,10.045295613915151,0,0,Ticket_696,15.683285990793394,F,,0
697,2,Passenger_697,male,27.163194138344497,0,0,Ticket_697,10.049237305543107,nan,S,1
698,3,Passenger_698,male,,0,1,Ticket_698,244.9564886734243,nan,S,0
699,1,Passenger_699,female,28.08676319433699,0,0,Ticket_699,3.432306939598698,D,S,1
700,2,Passenger_700,male,52.66732395371021,0,0,Ticket_700,7.969144033836265,A,S,0
701,3,Passenger_701,female,8.232364649226618,0,0,Ticket_701,2.776198408805679,nan,C,1
702,1,Passenger_702,male,29.818665782309182,1,0,Ticket_702,38.20454030277932,G,Q,0
703,2,Passenger_703,male,11.214098333803214,0,1,Ticket_703,92.48317354800153,B,C,0
704,1,Passenger_704,male,35.45447823937452,0,1,Ticket_704,90.36954668458569,E,S,0
705,1,Passenger_705,male,43.30331085145951,0,0,Ticket_705,52.91773319539578,nan,Q,0
706,3,Passenger_706,male,23.6885730947842,1,1,Ticket_706,9.610492195121916,nan,S,0
707,2,Passenger_707,female,0.0,0,1,Ticket_707,7.859404396256143,E,S,0
708,3,Passenger_708,male,,1,1,Ticket_708,1.6398360593150798,D,S,0
709,2,Passenger_709,female,36.55107827600264,0,0,Ticket_709,140.19695315310378,nan,S,1
710,3,Passenger_710,female,36.06442132442547,0,0,Ticket_710,21.386795391005666,G,S,0
711,3,Passenger_711,male,,1,0,Ticket_711,6.750737202841187,E,S,0
712,3,Passenger_712,male,13.934194805264266,0,0,Ticket_712,59.9594359919085,C,S,0
713,2,Passenger_713,female,40.20324158175674,0,0,Ticket_713,3.7911999553273716,nan,S,0
714,2,Passenger_714,male,47.88761268716962,0,0,Ticket_714,19.844887971960826,C,S,0
715,2,Passenger_715,male,3.3211862399022465,0,0,Ticket_715,9.90307226554275,B,S,0
716,3,Passenger_716,female,34.79477738878466,0,1,Ticket_716,26.21711830560267,F,S,1
717,3,Passenger_717,male,22.437302534884928,0,0,Ticket_717,11.287678730326226,C,S,0
718,3,Passenger_718,female,,2,0,Ticket_718,2.135896640539317,G,S,0
719,1,Passenger_719,female,35.215147253075045,1,0,Ticket_719,13.338994291511325,B,,1
720,3,Passenger_720,male,22.691571538296714,0,0,Ticket_720,42.88992587420544,G,S,0
721,3,Passenger_721,male,,1,0,Ticket_721,11.762780045683161,C,S,0
722,1,Passenger_722,male,30.51228626232037,1,2,Ticket_722,30.880908526134807,A,S,0
723,1,Passenger_723,male,13.691310917057962,1,0,Ticket_723,3.4742013219522874,B,S,0
724,3,Passenger_724,male,13.71262306672222,2,0,Ticket_724,11.804573582046046,nan,S,0
725,3,Passenger_725,female,40.19059924434755,1,1,Ticket_725,5.757984232911625,nan,S,0
726,3,Passenger_726,male,12.768089472620158,0,0,Ticket_726,29.85573677456357,C,S,0
727,1,Passenger_727,male,39.994687513638176,0,0,Ticket_727,12.651678254507724,nan,Q,1
728,3,Passenger_728,female,36.938869392809266,0,0,Ticket_728,27.88498610664849,G,S,0
729,2,Passenger_729,female,,2,0,Ticket_729,44.93659568272289,nan,S,1
730,1,Passenger_730,female,19.836530214965173,2,1,Ticket_730,27.936729432128896,D,Q,0
731,1,Passenger_731,male,47.91164104571059,1,2,Ticket_731,16.907243188614057,G,S,0
732,3,Passenger_732,female,,1,1,Ticket_732,3.6771768218682404,A,S,0
733,3,Passenger_733,male,23.033936065359185,0,2,Ticket_733,12.14183184043197,D,S,0
734,3,Passenger_734,male,36.93091339877844,0,0,Ticket_734,6.425609676612855,nan,S,0
735,2,Passenger_735,male,41.75085763923893,1,1,Ticket_735,8.061690322437569,F,S,0
736,3,Passenger_736,female,,0,2,Ticket_736,7.77224472535966,C,S,0
737,2,Passenger_737,male,21.037347079625377,0,0,Ticket_737,3.758760731023693,B,S,0
738,3,Passenger_738,male,51.33554792547761,1,0,Ticket_738,1.1632219442565956,nan,C,0
739,2,Passenger_739,male,56.08349495696368,0,0,Ticket_739,5.46425801474112,G,S,0
740,2,Passenger_740,male,44.68287076172693,0,0,Ticket_740,15.364433759887296,D,S,0
741,2,Passenger_741,female,31.279772138475362,0,3,Ticket_741,2.416179431904005,nan,S,0
742,2,Passenger_742,female,17.876014175386103,2,1,Ticket_742,12.413923229261881,A,S,1
743,3,Passenger_743,female,17.543333901651522,0,0,Ticket_743,119.14272082798512,D,S,1
744,3,Passenger_744,male,37.837711578986365,1,0,Ticket_744,41.58202016650521,nan,S,0
745,2,Passenger_745,male,36.275973313330255,1,0,Ticket_745,87.5534803754042,D,S,0
746,3,Passenger_746,male,,1,1,Ticket_746,19.479321213789632,C,S,0
747,2,Passenger_747,male,,0,1,Ticket_747,49.45245918566399,F,S,1
748,3,Passenger_748,male,,1,1,Ticket_748,5.110219321936276,nan,S,0
749,3,Passenger_749,female,,0,0,Ticket_749,5.622585882781966,B,C,0
750,3,Passenger_750,male,,0,0,Ticket_750,0.4552228283084596,nan,S,0
751,1,Passenger_751,male,24.240430920714726,1,0,Ticket_751,50.570811845102455,nan,C,0
752,3,Passenger_752,male,33.75300309377542,0,1,Ticket_752,77.35372826430448,B,C,0
753,3,Passenger_753,male,59.935012346759464,0,0,Ticket_753,6.272577191897505,nan,S,0
754,2,Passenger_754,male,76.64877834008041,0,0,Ticket_754,8.982317767743009,D,S,0
755,1,Passenger_755,female,39.10084588704274,1,0,Ticket_755,4.930130526022965,E,S,1
756,3,Passenger_756,female,27.25205071919418,0,0,Ticket_756,19.282236081206143,nan,S,1
757,3,Passenger_757,female,38.01758472720825,1,0,Ticket_757,46.98925950213294,nan,S,0
758,3,Passenger_758,male,,0,1,Ticket_758,1.5048205140821507,B,S,0
759,3,Passenger_759,male,,0,2,Ticket_759,19.91207311113238,E,S,0
760,3,Passenger_760,male,56.928170338684836,0,0,Ticket_760,8.740731431120354,E,S,0
761,1,Passenger_761,male,33.45106138787103,0,0,Ticket_761,13.9582854407394,D,S,1
762,2,Passenger_762,female,,0,2,Ticket_762,21.132091347643446,D,S,0
763,2,Passenger_763,male,,0,1,Ticket_763,9.719722546562565,A,S,0
764,3,Passenger_764,male,36.32379915921683,0,2,Ticket_764,10.758496085000795,G,C,0
765,1,Passenger_765,male,,0,0,Ticket_765,9.424849819479906,E,Q,0
766,3,Passenger_766,male,20.741202201796153,0,0,Ticket_766,39.03190708960249,B,Q,0
767,3,Passenger_767,female,21.625473690809542,0,0,Ticket_767,20.136054252900223,nan,Q,0
768,3,Passenger_768,male,13.497686505424575,1,1,Ticket_768,15.874280886821834,nan,S,0
769,2,Passenger_769,male,36.59251845930339,0,0,Ticket_769,2.6507905988413505,E,,0
770,3,Passenger_770,male,41.68404755268171,0,0,Ticket_770,7.734604164690595,C,C,0
771,1,Passenger_771,male,36.866592992278285,0,1,Ticket_771,35.81629625213545,G,Q,0
772,3,Passenger_772,female,55.11738650021306,0,0,Ticket_772,12.746234412013798,C,C,0
773,1,Passenger_773,female,29.916059717564302,0,0,Ticket_773,26.881485103286224,C,Q,1
774,2,Passenger_774,female,,1,2,Ticket_774,101.47517227102668,nan,S,0
775,3,Passenger_775,female,13.624486857910284,1,0,Ticket_775,42.365200530972054,A,S,0
776,1,Passenger_776,male,24.193504462883986,0,0,Ticket_776,13.623415023602618,A,C,0
777,2,Passenger_777,female,40.43306636348666,0,0,Ticket_777,6.598306305791509,A,S,1
778,3,Passenger_778,male,,0,0,Ticket_778,0.5687811646284311,B,S,0
779,3,Passenger_779,male,25.590495785037266,0,1,Ticket_779,9.953637806372402,A,C,0
780,3,Passenger_780,female,28.926011222129,1,1,Ticket_780,8.238225798484981,nan,,0
781,3,Passenger_781,male,7.2318937997878585,2,1,Ticket_781,19.461524877554147,C,S,0
782,3,Passenger_782,female,24.644561987900858,0,0,Ticket_782,10.128099885143344,B,S,0
783,2,Passenger_783,male,,0,0,Ticket_783,8.29404617159616,C,S,0
784,2,Passenger_784,female,38.628075241598495,0,0,Ticket_784,1.440112568916621,nan,C,1
785,1,Passenger_785,female,37.50998582071814,0,0,Ticket_785,3.9433815041956195,F,S,0
786,3,Passenger_786,female,30.7466053077144,0,0,Ticket_786,21.58462485495046,D,S,0
787,3,Passenger_787,female,30.10594737942265,0,0,Ticket_787,95.4964579585162,nan,S,0
788,2,Passenger_788,female,20.095182907898295,0,1,Ticket_788,10.837036136734582,D,C,0
789,2,Passenger_789,male,40.482426303038025,3,1,Ticket_789,18.05410871091732,D,S,0
790,3,Passenger_790,male,36.314594165840845,0,1,Ticket_790,38.205282383514344,C,S,0
791,1,Passenger_791,male,37.38028271989199,0,1,Ticket_791,4.604008221370436,D,S,0
792,3,Passenger_792,female,22.109477359986293,0,0,Ticket_792,18.919191912249186,D,C,1
793,3,Passenger_793,male,0.0,0,0,Ticket_793,5.009879547544235,G,S,0
794,3,Passenger_794,female,46.45729067630543,1,0,Ticket_794,34.3908082345093,C,S,1
795,1,Passenger_795,male,22.817438159873937,0,0,Ticket_795,14.609670282018659,F,S,0
796,3,Passenger_796,male,17.05836353935319,0,0,Ticket_796,17.429116621980462,A,S,0
797,3,Passenger_797,female,40.4021836787099,0,0,Ticket_797,4.763018867609103,B,S,0
798,3,Passenger_798,male,,0,1,Ticket_798,28.458270790810246,E,S,0
799,3,Passenger_799,male,45.89904576069932,0,0,Ticket_799,148.6590613904925,nan,S,0
800,3,Passenger_800,male,39.25508924365046,0,1,Ticket_800,3.634625085445642,D,S,0
801,3,Passenger_801,female,40.253539848007165,0,0,Ticket_801,8.10344427815072,G,S,0
802,1,Passenger_802,female,,1,0,Ticket_802,16.0856725007359,C,C,0
803,3,Passenger_803,male,48.179159780796006,1,3,Ticket_803,31.302170944653778,B,S,0
804,3,Passenger_804,male,33.91875796850784,0,1,Ticket_804,6.224819572868942,A,S,0
805,2,Passenger_805,male,24.460842911306955,0,0,Ticket_805,0.4067175364270467,D,S,0
806,3,Passenger_806,female,,0,0,Ticket_806,62.24183692411199,B,S,0
807,3,Passenger_807,female,3.3564715065251995,0,0,Ticket_807,30.344259111992837,B,S,1
808,3,Passenger_808,male,36.12979217221006,1,0,Ticket_808,1.5045035300546765,nan,S,0
809,2,Passenger_809,male,14.559427377268927,0,0,Ticket_809,5.876242046549955,A,C,0
810,1,Passenger_810,male,9.709945712346983,0,0,Ticket_810,79.98338418648464,F,S,0
811,3,Passenger_811,female,7.164612206731633,1,0,Ticket_811,69.22455925222542,D,C,1
812,3,Passenger_812,female,46.69032562484888,0,1,Ticket_812,37.57609313185715,F,S,1
813,1,Passenger_813,male,20.56104909460817,0,1,Ticket_813,9.861764216661356,F,S,0
814,3,Passenger_814,male,,2,1,Ticket_814,13.458150431792735,D,S,0
815,3,Passenger_815,male,,2,0,Ticket_815,10.41127167188519,C,S,0
816,3,Passenger_816,female,,0,0,Ticket_816,47.176115639104125,nan,C,0
817,3,Passenger_817,male,,0,0,Ticket_817,4.258807162232505,nan,C,0
818,2,Passenger_818,female,48.537174300104084,1,1,Ticket_818,4.632239359542045,B,S,1
819,1,Passenger_819,female,27.661527330949987,1,0,Ticket_819,40.94908657556205,A,,1
820,2,Passenger_820,male,21.775690552640988,1,1,Ticket_820,11.550933467350873,nan,Q,0
821,3,Passenger_821,male,32.40027338779181,0,0,Ticket_821,63.69848803260712,D,S,0
822,1,Passenger_822,male,37.52674104251317,2,0,Ticket_822,5.442210670767025,F,S,0
823,2,Passenger_823,female,46.76098223853691,0,0,Ticket_823,11.407442207173178,D,S,1
824,2,Passenger_824,female,,1,0,Ticket_824,4.027333192935728,B,S,1
825,3,Passenger_825,female,,0,0,Ticket_825,12.290605839793894,F,S,0
826,3,Passenger_826,male,10.109284708769426,0,1,Ticket_826,2.0662671612039074,F,,0
827,2,Passenger_827,male,23.79802258315086,0,0,Ticket_827,6.7858522601550195,C,S,0
828,2,Passenger_828,female,,0,0,Ticket_828,2.1738403764042435,E,C,0
829,3,Passenger_829,female,,1,2,Ticket_829,28.014097898249968,nan,S,1
830,2,Passenger_830,male,15.642736276574357,1,1,Ticket_830,28.786519588278804,F,S,0
831,2,Passenger_831,female,35.15681822324828,0,0,Ticket_831,1.5275799076850476,A,S,1
832,2,Passenger_832,female,,0,0,Ticket_832,60.380300108787864,F,S,0
833,1,Passenger_833,male,30.491954931173797,4,0,Ticket_833,243.9341109420396,nan,C,0
834,1,Passenger_834,female,,0,0,Ticket_834,12.873972841722951,nan,C,0
835,2,Passenger_835,female,26.54398928691349,1,1,Ticket_835,5.644394268278159,G,S,1
836,2,Passenger_836,female,16.136502835975435,0,1,Ticket_836,361.1150874054807,B,S,0
837,3,Passenger_837,male,43.3529761668718,0,0,Ticket_837,2.5023687969384754,nan,S,0
838,2,Passenger_838,male,45.52874002085629,0,0,Ticket_838,12.480004958325408,G,S,0
839,3,Passenger_839,female,2.3071820664285916,0,0,Ticket_839,15.112870430312743,A,S,0
840,3,Passenger_840,male,16.05733709711385,0,0,Ticket_840,61.20183327496432,E,S,0
841,1,Passenger_841,male,7.552061173648813,0,0,Ticket_841,18.759246361667724,D,S,0
842,3,Passenger_842,male,,0,0,Ticket_842,6.696863785248755,G,S,0
843,1,Passenger_843,male,28.748430453144586,0,0,Ticket_843,3.890659791795011,C,S,0
844,3,Passenger_844,female,8.25532170452205,0,1,Ticket_844,8.083410020193574,F,S,1
845,1,Passenger_845,female,16.172102803120303,1,0,Ticket_845,3.638920846190963,nan,C,1
846,2,Passenger_846,male,14.940639418777522,0,0,Ticket_846,12.9021038051561,nan,S,0
847,1,Passenger_847,male,33.10900994098416,1,1,Ticket_847,6.190182592037929,nan,C,0
848,3,Passenger_848,male,31.040165055543756,0,0,Ticket_848,2.028212063478511,nan,S,0
849,3,Passenger_849,female,19.1739366999412,1,0,Ticket_849,54.93633372246382,A,Q,0
850,3,Passenger_850,female,32.65231308209097,1,0,Ticket_850,6.704594059079819,G,S,0
851,1,Passenger_851,male,,1,1,Ticket_851,2.6597598427297204,E,S,1
852,3,Passenger_852,female,25.9251733451092,0,0,Ticket_852,9.955140377428194,nan,S,0
853,2,Passenger_853,female,55.10178135447806,0,0,Ticket_853,13.224165547564201,C,Q,0
854,3,Passenger_854,female,50.10691577685522,0,0,Ticket_854,1.498163357133191,nan,C,0
855,2,Passenger_855,female,10.506281446086035,0,1,Ticket_855,18.137419874879782,G,S,1
856,1,Passenger_856,male,42.44598626818762,0,0,Ticket_856,3.46742040224867,nan,C,0
857,1,Passenger_857,female,42.170948317373885,0,0,Ticket_857,94.93899913884967,A,S,1
858,2,Passenger_858,male,12.776050668710724,0,1,Ticket_858,22.845464660074022,B,S,0
859,3,Passenger_859,female,42.28166465632291,0,1,Ticket_859,7.539229676413832,nan,S,0
860,1,Passenger_860,female,53.06897877618829,0,1,Ticket_860,4.98183688590822,A,S,1
861,3,Passenger_861,female,,1,0,Ticket_861,10.740683749957258,nan,S,1
862,2,Passenger_862,female,16.237457684786044,0,0,Ticket_862,25.415237351820807,A,C,0
863,3,Passenger_863,male,,1,1,Ticket_863,11.815438758867396,G,Q,0
864,2,Passenger_864,male,34.07242966238472,0,1,Ticket_864,9.387785519010475,D,Q,0
865,2,Passenger_865,female,,0,0,Ticket_865,13.066403909789972,G,C,0
866,3,Passenger_866,female,35.10883824600745,1,0,Ticket_866,5.90246040933905,G,Q,0
867,1,Passenger_867,male,35.86043881392216,0,0,Ticket_867,8.06999520243886,D,S,0
868,1,Passenger_868,male,10.102918075333754,0,0,Ticket_868,0.9970534230185435,B,S,0
869,3,Passenger_869,male,45.70976559932173,1,0,Ticket_869,39.19195425067865,A,S,1
870,3,Passenger_870,female,,0,0,Ticket_870,17.43635398943914,F,S,0
871,2,Passenger_871,female,26.559138838979585,1,2,Ticket_871,4.815563108220497,F,S,1
872,2,Passenger_872,male,29.347845752792065,1,0,Ticket_872,118.92368413877676,nan,S,0
873,3,Passenger_873,male,7.033387461664169,1,0,Ticket_873,13.5233764447152,F,Q,0
874,2,Passenger_874,female,37.71382134026752,2,1,Ticket_874,3.513552780121925,E,S,1
875,1,Passenger_875,female,,0,0,Ticket_875,34.05867953744905,D,C,0
876,1,Passenger_876,male,29.067134745010335,0,0,Ticket_876,19.641758975980405,A,C,0
877,3,Passenger_877,male,46.86530039805754,0,1,Ticket_877,19.560182260428256,D,S,0
878,3,Passenger_878,male,24.988841535300892,0,0,Ticket_878,7.308903587030984,nan,S,0
879,1,Passenger_879,male,38.469088888404,0,0,Ticket_879,20.917682806069276,nan,S,1
880,2,Passenger_880,male,14.705034919618265,0,0,Ticket_880,8.898565213134537,D,C,0
881,2,Passenger_881,female,29.64671773688643,0,0,Ticket_881,23.739248707205636,F,S,0
882,3,Passenger_882,female,27.384686131457464,0,1,Ticket_882,1.2387052181700275,nan,S,0
883,1,Passenger_883,female,,1,0,Ticket_883,7.238050081946677,E,S,0
884,1,Passenger_884,female,24.45709606749962,0,1,Ticket_884,96.21508146501631,A,S,0
885,3,Passenger_885,male,28.027911064924982,0,1,Ticket_885,4.8526213987364475,A,S,0
886,1,Passenger_886,male,42.3907075716226,0,2,Ticket_886,5.902606558975236,F,Q,0
887,3,Passenger_887,male,23.44853644142674,0,2,Ticket_887,7.116716076812308,nan,S,0
888,2,Passenger_888,male,5.90134348891981,0,0,Ticket_888,2.835540685354986,G,S,0
889,1,Passenger_889,female,56.243758563081315,0,2,Ticket_889,0.8607622617203603,A,S,0
890,2,Passenger_890,female,50.7218111803573,1,1,Ticket_890,9.237731268301667,B,S,1
891,3,Passenger_891,male,10.616059573415722,1,0,Ticket_891,14.339691316560623,nan,S,0
892,3,Passenger_892,male,40.34561707867792,2,0,Ticket_892,11.438603625042706,nan,S,0
893,3,Passenger_893,female,,0,0,Ticket_893,10.238403770388523,G,S,1
894,2,Passenger_894,male,,1,0,Ticket_894,12.82824069645374,G,S,0
895,3,Passenger_895,male,34.4133619352024,0,0,Ticket_895,41.57128921362195,A,S,0
896,2,Passenger_896,female,26.483882995255172,1,1,Ticket_896,9.693587426921987,nan,C,1
897,2,Passenger_897,female,18.243515016204054,3,0,Ticket_897,6.117178173890412,nan,Q,1
898,3,Passenger_898,male,19.64188421525611,1,0,Ticket_898,8.694141587878468,C,S,0
899,1,Passenger_899,male,16.257121267781365,0,0,Ticket_899,24.415449586698276,nan,S,0
900,1,Passenger_900,female,17.52266687654333,1,1,Ticket_900,66.3160702203705,C,S,1
901,2,Passenger_901,male,28.99232564925967,0,1,Ticket_901,5.732934409527763,A,S,0
902,1,Passenger_902,male,,0,0,Ticket_902,13.718160575034402,C,C,0
903,1,Passenger_903,female,40.2307809856893,1,0,Ticket_903,18.284046987264578,B,Q,1
904,3,Passenger_904,male,52.30869233003891,1,0,Ticket_904,3.702122826157281,D,S,0
905,2,Passenger_905,female,21.299201379449357,1,0,Ticket_905,12.48465887605351,E,C,1
906,3,Passenger_906,male,33.591067508030655,0,1,Ticket_906,2.0984340397213126,F,S,0
907,3,Passenger_907,female,37.49527665454401,0,1,Ticket_907,1.4581078988007905,E,Q,1
908,2,Passenger_908,male,,0,0,Ticket_908,18.917656446180658,C,S,0
909,2,Passenger_909,male,31.13932901874131,2,0,Ticket_909,7.685614312826808,A,,1
910,2,Passenger_910,male,41.140236275395836,0,0,Ticket_910,15.529423102040363,G,S,0
911,3,Passenger_911,male,,1,1,Ticket_911,11.923676288949135,D,S,0
912,2,Passenger_912,female,11.435063665090532,2,0,Ticket_912,3.77469634707002,C,C,0
913,3,Passenger_913,female,43.0373409658391,0,1,Ticket_913,11.538564242857975,nan,S,0
914,2,Passenger_914,male,43.30936255900113,1,0,Ticket_914,2.7739670231323803,nan,,0
915,3,Passenger_915,male,18.550708437321276,0,0,Ticket_915,64.66155556401334,nan,S,0
916,2,Passenger_916,female,30.56906753171403,0,0,Ticket_916,2.3936887500381845,E,S,0
917,2,Passenger_917,female,40.24993489216604,0,1,Ticket_917,9.631680090677275,B,Q,0
918,3,Passenger_918,male,26.860292706309576,0,1,Ticket_918,3.4878102171416834,G,S,0
919,3,Passenger_919,male,,0,0,Ticket_919,24.155338414562745,C,S,1
920,1,Passenger_920,male,65.45808741929042,1,1,Ticket_920,8.184829292466196,E,S,0
921,3,Passenger_921,female,18.210209510475266,0,0,Ticket_921,6.537794894078526,A,C,0
922,2,Passenger_922,male,,0,0,Ticket_922,33.91447295359379,nan,S,0
923,3,Passenger_923,female,34.55727893407314,0,0,Ticket_923,12.620427230829401,B,S,0
924,3,Passenger_924,male,40.823437576892154,0,0,Ticket_924,22.64577578830225,nan,Q,0
925,2,Passenger_925,female,26.537004392328466,2,2,Ticket_925,3.7524496855173104,nan,S,0
926,1,Passenger_926,male,51.79890994981551,2,0,Ticket_926,2.257413451316915,E,,0
927,2,Passenger_927,male,9.920913004151267,0,0,Ticket_927,13.855046776404707,nan,S,0
928,3,Passenger_928,male,40.393779345474165,1,1,Ticket_928,8.309374816837073,G,S,0
929,3,Passenger_929,female,20.9120876886166,0,1,Ticket_929,25.834778987831648,nan,S,0
930,2,Passenger_930,male,55.79066859310945,0,0,Ticket_930,11.068573280581099,E,S,0
931,1,Passenger_931,male,59.88773029752177,0,0,Ticket_931,15.581594953868537,nan,S,0
932,3,Passenger_932,male,18.500151183249784,0,1,Ticket_932,1.7366204666915697,E,Q,0
933,3,Passenger_933,male,21.7566429613713,0,0,Ticket_933,117.46311008159694,nan,S,0
934,3,Passenger_934,female,42.89381830469703,0,0,Ticket_934,10.0032457763144,E,S,0
935,1,Passenger_935,female,24.19304025315728,2,1,Ticket_935,28.137532588145092,E,S,0
936,2,Passenger_936,female,29.318831731016427,2,0,Ticket_936,4.466879184321843,nan,S,1
937,1,Passenger_937,male,30.380826308136154,0,1,Ticket_937,17.630174295467228,nan,S,0
938,3,Passenger_938,female,1.2049026570351558,2,0,Ticket_938,2.5512572675735266,F,S,0
939,1,Passenger_939,male,29.79243380858644,0,0,Ticket_939,20.95718204322207,B,S,0
940,3,Passenger_940,male,,0,0,Ticket_940,7.947290863766124,E,,0
941,2,Passenger_941,male,22.60315766400342,1,1,Ticket_941,12.616791742704152,nan,C,0
942,3,Passenger_942,male,51.65448005203221,0,0,Ticket_942,28.150604712702318,nan,S,0
943,3,Passenger_943,female,11.152396585811154,0,0,Ticket_943,2.7758350657816324,nan,S,0
944,3,Passenger_944,female,42.19807780121966,2,2,Ticket_944,5.358102618160726,A,S,1
945,2,Passenger_945,female,25.815556045022873,1,1,Ticket_945,21.08979211295994,E,S,0
946,1,Passenger_946,male,25.803597472562483,1,0,Ticket_946,151.0885017543182,G,S,0
947,1,Passenger_947,male,41.85557844077567,2,1,Ticket_947,10.322244207780532,nan,C,0
948,3,Passenger_948,male,35.10076941853336,1,0,Ticket_948,24.763315429774543,A,S,0
949,3,Passenger_949,male,38.55919495829296,1,0,Ticket_949,10.714888642201156,nan,S,0
950,3,Passenger_950,male,44.52276990799292,1,2,Ticket_950,125.29797664757062,F,,0
951,3,Passenger_951,male,,1,0,Ticket_951,1.496806741099381,B,C,0
952,3,Passenger_952,male,20.816448982383747,0,0,Ticket_952,13.647348498980639,D,S,0
953,1,Passenger_953,male,,1,0,Ticket_953,1.732121849767701,C,S,0
954,3,Passenger_954,female,17.61884205031567,1,0,Ticket_954,0.6017664386354004,F,C,0
955,2,Passenger_955,female,74.23641637963088,0,1,Ticket_955,17.408428121389484,A,S,0
956,2,Passenger_956,female,48.6701937110518,1,0,Ticket_956,14.402435948661022,B,S,0
957,3,Passenger_957,female,,0,0,Ticket_957,8.655506211835691,nan,S,1
958,1,Passenger_958,male,10.163130648846447,1,0,Ticket_958,10.724888751634344,B,S,1
959,1,Passenger_959,female,,0,1,Ticket_959,500.0,C,S,1
960,3,Passenger_960,female,38.2089719606695,0,0,Ticket_960,8.93690948619191,E,C,1
961,1,Passenger_961,male,38.233257529760465,2,0,Ticket_961,22.469284281293934,F,Q,0
962,3,Passenger_962,male,26.17566309669453,0,0,Ticket_962,5.588786706456519,nan,S,0
963,2,Passenger_963,female,28.118186099956496,1,0,Ticket_963,17.361916316735137,E,S,1
964,2,Passenger_964,male,34.91819286239036,1,0,Ticket_964,9.153346864363996,nan,S,0
965,2,Passenger_965,male,31.288395094399956,2,0,Ticket_965,7.443772827059972,G,S,0
966,2,Passenger_966,male,0.0,0,0,Ticket_966,108.05909340465935,B,S,0
967,3,Passenger_967,male,26.553005541372094,1,0,Ticket_967,50.029956489983206,B,S,0
968,2,Passenger_968,male,17.228903486095298,2,0,Ticket_968,14.354966456797532,E,C,1
969,3,Passenger_969,male,32.62817128362768,0,1,Ticket_969,0.7671642740771737,D,C,0
970,2,Passenger_970,male,74.77888503905115,0,0,Ticket_970,7.899416785258002,nan,S,0
971,3,Passenger_971,male,,1,0,Ticket_971,312.19658742437986,F,C,1
972,3,Passenger_972,female,,1,0,Ticket_972,9.236896938025843,D,Q,0
973,3,Passenger_973,male,43.827022529658784,0,1,Ticket_973,45.78063048375325,B,S,0
974,2,Passenger_974,male,37.24031830813819,0,1,Ticket_974,68.7399732547445,C,S,0
975,1,Passenger_975,male,36.30141735677762,0,0,Ticket_975,15.84345844972961,F,S,0
976,2,Passenger_976,female,,1,1,Ticket_976,4.436270481235993,E,Q,1
977,3,Passenger_977,male,60.848153472443116,0,0,Ticket_977,0.6554883175464145,F,C,0
978,1,Passenger_978,male,13.036673470111264,0,0,Ticket_978,27.687909847955144,B,S,0
979,2,Passenger_979,female,37.104481152171815,0,1,Ticket_979,4.582720404670424,G,S,0
980,3,Passenger_980,female,16.104283050276923,0,1,Ticket_980,15.050038393657678,nan,S,1
981,2,Passenger_981,male,,1,1,Ticket_981,2.7188679327920524,C,S,0
982,3,Passenger_982,female,,0,1,Ticket_982,8.861490260531857,E,S,0
983,1,Passenger_983,male,23.739497795923732,0,1,Ticket_983,12.685541316398455,nan,S,0
984,1,Passenger_984,male,25.573651286431407,1,0,Ticket_984,16.815688623004615,D,Q,1
985,3,Passenger_985,male,,0,0,Ticket_985,3.1970016148031846,F,S,0
986,2,Passenger_986,male,43.77681665913621,1,0,Ticket_986,51.22835249850899,A,S,1
987,3,Passenger_987,female,,0,0,Ticket_987,5.951993814630316,G,S,1
988,2,Passenger_988,male,30.82401166499773,0,2,Ticket_988,1.6333557607997788,A,S,0
989,2,Passenger_989,male,,1,1,Ticket_989,10.6885373981291,nan,Q,0
990,3,Passenger_990,female,11.122426339869982,1,0,Ticket_990,12.695535177575834,nan,S,0
991,3,Passenger_991,female,,0,1,Ticket_991,14.771613315696099,nan,S,0
992,3,Passenger_992,male,25.372758173162705,0,1,Ticket_992,62.46203201719815,nan,C,0
993,2,Passenger_993,female,66.40074729518284,0,1,Ticket_993,9.172972567170447,F,C,0
994,3,Passenger_994,male,36.49439738041044,1,0,Ticket_994,10.55348830988333,E,S,0
995,2,Passenger_995,female,9.33573748868644,0,0,Ticket_995,3.2419621310896267,nan,S,0
996,1,Passenger_996,female,21.52838993743587,0,2,Ticket_996,32.611474450923566,nan,C,0
997,3,Passenger_997,female,,1,0,Ticket_997,15.19810694332416,E,,0
998,1,Passenger_998,male,61.326641593048876,1,0,Ticket_998,7.359314039533919,nan,Q,0
999,3,Passenger_999,male,6.210250316430624,0,0,Ticket_999,1.2391062676328761,F,,0
1000,2,Passenger_1000,male,1.8011342229143246,0,0,Ticket_1000,68.9440036673123,F,S,0
